
'SEQUENCE_OWNER'||','||'SEQUENCE_NAME'||','||'MIN_VALUE'||','||'MAX_VALUE'||','||'INCREMENT_BY'
SEQUENCE_OWNER,SEQUENCE_NAME,MIN_VALUE,MAX_VALUE,INCREMENT_BY,CYCLE_FLAG,CACHE_SIZE,LAST_NUMBER

SEQUENCE_OWNER||','||SEQUENCE_NAME||','||MIN_VALUE||','||MAX_VALUE||','||INCREMENT_BY||','||CYCLE_FLAG||','||CACHE_SIZE||','||LAST_NUMBER
ACTS,ACS_CTRL_NO_SEQ,1,999999999999999999999999999,1,N,0,14120
ACTS,ACS_HIST_CTRL_NO_SEQ,1,999999999999999999999999999,1,N,0,11
ACTS,ACTS_BASE_DICT_SEQ,1,999999999999999999999999999,1,N,20,161
ACTS,ACTS_CODE_DICT_SEQ,1,999999999999999999999999999,1,N,20,341
ACTS,ACTS_D_BASE_DICT_SEQ,1,999999999999999999999999999,1,N,20,1209
ACTS,ACTS_D_MAINT_BACKUP_SEQ,1,999999999999999999999999999,1,N,20,6681
ACTS,ACTS_D_MAINT_REC_SEQ,1,999999999999999999999999999,1,N,20,462591
ACTS,ACTS_D_MAINT_SEQ,1,999999999999999999999999999,1,N,20,469522
ACTS,ACTS_D_MAINT_TEMP_SEQ,1,999999999999999999999999999,1,N,20,1
ACTS,ACTS_D_MAINT_TRACK_SEQ,1,999999999999999999999999999,1,N,20,61
ACTS,ACTS_D_PMC_LIM_SEQ,1,999999999999999999999999999,1,N,20,368
ACTS,ACTS_D_SORTIE_SEQ,1,999999999999999999999999999,1,N,20,8326038
ACTS,ACTS_D_SYS_CONFIG_HIST_SEQ,1,999999999999999999999999999,1,N,20,162237
ACTS,ACTS_D_SYS_CONFIG_SEQ,1,999999999999999999999999999,1,N,20,84902
ACTS,ACTS_D_SYS_INV_HIST_SEQ,1,999999999999999999999999999,1,N,20,100614
ACTS,ACTS_D_SYS_INV_SEQ,1,999999999999999999999999999,1,N,20,2042
ACTS,ACTS_D_SYS_MOD_SEQ,1,999999999999999999999999999,1,N,20,4283
ACTS,ACTS_D_SYS_PMI_SEQ,1,999999999999999999999999999,1,N,20,924
ACTS,ACTS_D_TEST_SEQ,1,999999999999999999999999999,1,N,20,36206
ACTS,ACTS_D_TIME_BACKUP_SEQ,1,999999999999999999999999999,1,N,20,961
ACTS,ACTS_D_TIME_OLD_SEQ,1,999999999999999999999999999,1,N,20,121
ACTS,ACTS_D_TIME_SEQ,1,999999999999999999999999999,1,N,20,143351
ACTS,ACTS_D_TIME_TEMP_SEQ,1,999999999999999999999999999,1,N,20,961
ACTS,ACTS_FIELD_SITE_LIST_SEQ,1,999999999999999999999999999,1,N,20,21
ACTS,ACTS_LOOKUP_VER_SEQ,1,999999999999999999999999999,1,N,20,21
ACTS,ACTS_MAINT1_SEQ,1,999999999999999999999999999,1,N,20,6301
ACTS,ACTS_MAINT2_SEQ,1,999999999999999999999999999,1,N,20,441
ACTS,ACTS_MAINT3_SEQ,1,999999999999999999999999999,1,N,20,241
ACTS,ACTS_MAINT4_SEQ,1,999999999999999999999999999,1,N,20,21
ACTS,ACTS_MAINT_REC_SEQ,1,999999999999999999999999999,1,N,20,5661
ACTS,ACTS_MAINT_REC_TEMP_SEQ,1,999999999999999999999999999,1,N,20,721
ACTS,ACTS_MAINT_TRACK_SEQ,1,999999999999999999999999999,1,N,20,61
ACTS,ACTS_MDS_DICT_SEQ,1,999999999999999999999999999,1,N,20,326
ACTS,ACTS_PMC_LIM_SEQ,1,999999999999999999999999999,1,N,20,61
ACTS,ACTS_PROCESSING_SUMMARY_SEQ,1,999999999999999999999999999,1,N,20,21196
ACTS,ACTS_REM_RPT_SEQ,1,999999999999999999999999999,1,N,20,1
ACTS,ACTS_REPORTCODES_DICT_SEQ,1,999999999999999999999999999,1,N,20,8032
ACTS,ACTS_SITE_INFO_SEQ,1,999999999999999999999999999,1,N,20,203
ACTS,ACTS_SORTIE_BACKUP_SEQ,1,999999999999999999999999999,1,N,20,3721
ACTS,ACTS_SORTIE_SEQ,1,999999999999999999999999999,1,N,20,5341
ACTS,ACTS_SPECL_SERIAL_METRICS_SEQ,1,999999999999999999999999999,1,N,20,216963
ACTS,ACTS_SPECL_SUMMARY_METRICS_SEQ,1,999999999999999999999999999,1,N,20,64387
ACTS,ACTS_SRA_DICT_SEQ,1,999999999999999999999999999,1,N,20,17808
ACTS,ACTS_SRA_DICT_TEMP2_SEQ,1,999999999999999999999999999,1,N,20,5501
ACTS,ACTS_SRA_DICT_TEMP3_SEQ,1,999999999999999999999999999,1,N,20,5641
ACTS,ACTS_SRA_DICT_TEMP4_SEQ,1,999999999999999999999999999,1,N,20,5641
ACTS,ACTS_SRA_DICT_TEMP_SEQ,1,999999999999999999999999999,1,N,20,5641
ACTS,ACTS_SRA_METER_CUM_SEQ,1,999999999999999999999999999,1,N,20,1
ACTS,ACTS_SRA_METRICS_SEQ,1,999999999999999999999999999,1,N,20,2404431
ACTS,ACTS_SRA_METRIC_SUMMARY_SEQ,1,999999999999999999999999999,1,N,20,1
ACTS,ACTS_SRA_SERIAL_METRICS_SEQ,1,999999999999999999999999999,1,N,20,1
ACTS,ACTS_SRA_SUMMARY_METRICS_SEQ,1,999999999999999999999999999,1,N,20,101608
ACTS,ACTS_SYS_CONFIG_HIST_SEQ,1,999999999999999999999999999,1,N,20,1
ACTS,ACTS_SYS_CONFIG_SEQ,1,999999999999999999999999999,1,N,20,61
ACTS,ACTS_SYS_ETM_SEQ,1,999999999999999999999999999,1,N,20,1001
ACTS,ACTS_SYS_ETM_TEMP_SEQ,1,999999999999999999999999999,1,N,20,1001
ACTS,ACTS_SYS_INV_HIST_SEQ,1,999999999999999999999999999,1,N,20,1
ACTS,ACTS_SYS_INV_SEQ,1,999999999999999999999999999,1,N,20,1981
ACTS,ACTS_SYS_METRICS_SEQ,1,999999999999999999999999999,1,N,20,29976026
ACTS,ACTS_SYS_METRICS_TEMP_SEQ,1,999999999999999999999999999,1,N,20,7101
ACTS,ACTS_SYS_MOD_SEQ,1,999999999999999999999999999,1,N,20,461
ACTS,ACTS_SYS_PMI_SEQ,1,999999999999999999999999999,1,N,20,81
ACTS,ACTS_SYS_SERIAL_METRICS_SEQ,1,999999999999999999999999999,1,N,20,1192604
ACTS,ACTS_SYS_SUMMARY_METRICS_SEQ,1,999999999999999999999999999,1,N,20,63822
ACTS,ACTS_S_BASE_DICT_SEQ,1,999999999999999999999999999,1,N,20,1356
ACTS,ACTS_S_MAINT1_SEQ,1,999999999999999999999999999,1,N,20,56611
ACTS,ACTS_S_MAINT1_TEMP_SEQ,1,999999999999999999999999999,1,N,20,4381
ACTS,ACTS_S_MAINT2_SEQ,1,999999999999999999999999999,1,N,20,5618
ACTS,ACTS_S_MAINT2_TEMP_SEQ,1,999999999999999999999999999,1,N,20,381
ACTS,ACTS_S_MAINT3_SEQ,1,999999999999999999999999999,1,N,20,1720
ACTS,ACTS_S_MAINT3_TEMP_SEQ,1,999999999999999999999999999,1,N,20,281
ACTS,ACTS_S_MAINT4_SEQ,1,999999999999999999999999999,1,N,20,883
ACTS,ACTS_S_MAINT4_TEMP_SEQ,1,999999999999999999999999999,1,N,20,41
ACTS,ACTS_S_MAINT5_SEQ,1,999999999999999999999999999,1,N,20,42
ACTS,ACTS_S_MAINT6_SEQ,1,999999999999999999999999999,1,N,20,21
ACTS,ACTS_S_MAINT7_SEQ,1,999999999999999999999999999,1,N,20,1
ACTS,ACTS_S_MAINT8_SEQ,1,999999999999999999999999999,1,N,20,1
ACTS,ACTS_S_MAINT_REC_SEQ,1,999999999999999999999999999,1,N,20,58196
ACTS,ACTS_S_PMC_LIM_SEQ,1,999999999999999999999999999,1,N,20,596
ACTS,ACTS_S_SORTIE_SEQ,1,999999999999999999999999999,1,N,20,473679
ACTS,ACTS_S_SORTIE_TEMP_SEQ,1,999999999999999999999999999,1,N,20,1
ACTS,ACTS_S_SYS_CONFIG_HIST_SEQ,1,999999999999999999999999999,1,N,20,21564
ACTS,ACTS_S_SYS_CONFIG_SEQ,1,999999999999999999999999999,1,N,20,19062
ACTS,ACTS_S_SYS_INV_SEQ,1,999999999999999999999999999,1,N,20,75867
ACTS,ACTS_S_SYS_MOD_SEQ,1,999999999999999999999999999,1,N,20,4780
ACTS,ACTS_S_SYS_PMI_SEQ,1,999999999999999999999999999,1,N,20,2281
ACTS,ACTS_S_TEST_SEQ,1,999999999999999999999999999,1,N,20,40497
ACTS,ACTS_S_TIME_SEQ,1,999999999999999999999999999,1,N,20,38646
ACTS,ACTS_TEST_DICT_SEQ,1,999999999999999999999999999,1,N,20,361
ACTS,ACTS_TEST_SEQ,1,999999999999999999999999999,1,N,20,201
ACTS,ACTS_TIME_OLD_SEQ,1,999999999999999999999999999,1,N,20,1201
ACTS,ACTS_TIME_SEQ,1,999999999999999999999999999,1,N,20,1121
ACTS,ACTS_TRANSFER_LOG_SEQ,1,999999999999999999999999999,1,N,20,61
ACTS,ACTS_TYND_MAINT1_SEQ,1,999999999999999999999999999,1,N,20,341
ACTS,ACTS_TYND_MAINT1_TEMP_SEQ,1,999999999999999999999999999,1,N,20,341
ACTS,ACTS_TYND_MAINT2_SEQ,1,999999999999999999999999999,1,N,20,81
ACTS,ACTS_TYND_MAINT2_TEMP_SEQ,1,999999999999999999999999999,1,N,20,81
ACTS,ACTS_TYND_MAINT3_SEQ,1,999999999999999999999999999,1,N,20,21
ACTS,ACTS_TYND_MAINT3_TEMP_SEQ,1,999999999999999999999999999,1,N,20,21
ACTS,ACTS_TYND_MAINT4_SEQ,1,999999999999999999999999999,1,N,20,21
ACTS,ACTS_TYND_MAINT4_TEMP_SEQ,1,999999999999999999999999999,1,N,20,21
ACTS,ACTS_TYND_MAINT_REC_ALT_SEQ,1,999999999999999999999999999,1,N,20,1281
ACTS,ACTS_TYND_MAINT_REC_SEQ,1,999999999999999999999999999,1,N,20,1281
ACTS,ACTS_TYND_MAINT_SEQ,1,999999999999999999999999999,1,N,20,401
ACTS,ACTS_TYND_SYS_CONFIG_SEQ,1,999999999999999999999999999,1,N,20,281
ACTS,ACTS_TYND_SYS_INV_SEQ,1,999999999999999999999999999,1,N,20,101
ACTS,ACTS_T_BASE_DICT_SEQ,1,999999999999999999999999999,1,N,20,1695
ACTS,ACTS_T_MAINT1_SEQ,1,999999999999999999999999999,1,N,20,79747
ACTS,ACTS_T_MAINT2_SEQ,1,999999999999999999999999999,1,N,20,5880
ACTS,ACTS_T_MAINT3_SEQ,1,999999999999999999999999999,1,N,20,1484
ACTS,ACTS_T_MAINT4_SEQ,1,999999999999999999999999999,1,N,20,826
ACTS,ACTS_T_MAINT5_SEQ,1,999999999999999999999999999,1,N,20,42
ACTS,ACTS_T_MAINT6_SEQ,1,999999999999999999999999999,1,N,20,21
ACTS,ACTS_T_MAINT7_SEQ,1,999999999999999999999999999,1,N,20,21
ACTS,ACTS_T_MAINT8_SEQ,1,999999999999999999999999999,1,N,20,21
ACTS,ACTS_T_MAINT_REC_SEQ,1,999999999999999999999999999,1,N,20,101611
ACTS,ACTS_T_MAINT_TRACK_SEQ,1,999999999999999999999999999,1,N,20,161
ACTS,ACTS_T_PMC_LIM_SEQ,1,999999999999999999999999999,1,N,20,572
ACTS,ACTS_T_SORTIE_SEQ,1,999999999999999999999999999,1,N,20,626905
ACTS,ACTS_T_SYS_CONFIG_HIST_SEQ,1,999999999999999999999999999,1,N,20,26980
ACTS,ACTS_T_SYS_CONFIG_SEQ,1,999999999999999999999999999,1,N,20,23233
ACTS,ACTS_T_SYS_INV_SEQ,1,999999999999999999999999999,1,N,20,76555
ACTS,ACTS_T_SYS_MOD_SEQ,1,999999999999999999999999999,1,N,20,5398
ACTS,ACTS_T_SYS_PMI_SEQ,1,999999999999999999999999999,1,N,20,2169
ACTS,ACTS_T_TEST_SEQ,1,999999999999999999999999999,1,N,20,50408
ACTS,ACTS_T_TIME_SEQ,1,999999999999999999999999999,1,N,20,48225
ACTS,ACTS_UPLOADS_HIST_SEQ,1,999999999999999999999999999,1,N,20,241
ACTS,ACTS_UPLOADS_SEQ,1,999999999999999999999999999,1,N,20,101
ACTS,ACTS_VALIDATOR_STATUS_SEQ,1,999999999999999999999999999,1,N,20,17915
ACTS,CONFIG131TEMP_SEQ,1,999999999999999999999999999,1,N,20,2381
ACTS,CONFIG131_SEQ,1,999999999999999999999999999,1,N,20,2381
ACTS,CONFIG184_SEQ,1,999999999999999999999999999,1,N,20,1801
ACTS,EVT_NOTIFY_SEQ,1,999999999999999999999999999,1,N,20,1
ACTS,EVT_OPERATORS_SEQ,1,999999999999999999999999999,1,N,20,1
ACTS,EVT_PROFILE_SEQ,1,999999999999999999999999999,1,N,20,21
ACTS,IMDS_CONFIG131_SEQ,1,999999999999999999999999999,1,N,20,2381
ACTS,IMDS_CONFIG184_SEQ,1,999999999999999999999999999,1,N,20,1801
ACTS,JIM_DEMO2_SEQ,1,999999999999999999999999999,1,N,20,21
ACTS,ROME_D_MAINT_REC_SEQ,1,999999999999999999999999999,1,N,20,281
ACTS,ROME_D_MAINT_SEQ,1,999999999999999999999999999,1,N,20,321
ACTS,ROME_D_SORTIE_SEQ,1,999999999999999999999999999,1,N,20,2201
ACTS,ROME_D_SYS_CONFIG_SEQ,1,999999999999999999999999999,1,N,20,41
ACTS,ROME_D_SYS_INV_SEQ,1,999999999999999999999999999,1,N,20,41
ACTS,SCRATCH_SEQ,1,999999999999999999999999999,1,N,20,381
ACTS,SITEINFO_SEQ,1,999999999999999999999999999,1,N,20,47
ACTS,SMACTUALPARAMETERSEQUENCE,1,999999999999999999999999999,1,N,20,1
ACTS,SMAGENTJOBSEQUENCE,1,999999999999999999999999999,1,N,20,1
ACTS,SMARCHIVESEQUENCE,1,999999999999999999999999999,1,N,20,1
ACTS,SMCONSOLESOSETTINGSEQUENCE,1,999999999999999999999999999,1,N,20,1
ACTS,SMDATABASESEQUENCE,1,999999999999999999999999999,1,N,20,1
ACTS,SMDBAUTHSEQUENCE,1,999999999999999999999999999,1,N,20,1
ACTS,SMDEFAUTHSEQUENCE,1,999999999999999999999999999,1,N,20,1
ACTS,SMDISTRIBUTIONSETSEQUENCE,1,999999999999999999999999999,1,N,20,1
ACTS,SMFOLDERSEQUENCE,1,999999999999999999999999999,1,N,20,1
ACTS,SMFORMALPARAMETERSEQUENCE,1,999999999999999999999999999,1,N,20,1
ACTS,SMGLOBALCONFIGURATIONSEQUENCE,1,999999999999999999999999999,1,N,20,1
ACTS,SMHOSTAUTHSEQUENCE,1,999999999999999999999999999,1,N,20,1
ACTS,SMHOSTSEQUENCE,1,999999999999999999999999999,1,N,20,1
ACTS,SMINSTALLATIONSEQUENCE,1,999999999999999999999999999,1,N,20,1
ACTS,SMLOGMESSAGESEQUENCE,1,999999999999999999999999999,1,N,20,1
ACTS,SMMONTHLYENTRYSEQUENCE,1,999999999999999999999999999,1,N,20,1
ACTS,SMMONTHWEEKENTRYSEQUENCE,1,999999999999999999999999999,1,N,20,1
ACTS,SMOMSTRINGSEQUENCE,1,999999999999999999999999999,1,N,20,1
ACTS,SMPACKAGESEQUENCE,1,999999999999999999999999999,1,N,20,1
ACTS,SMPARALLELJOBSEQUENCE,1,999999999999999999999999999,1,N,20,1
ACTS,SMPARALLELOPERATIONSEQUENCE,1,999999999999999999999999999,1,N,20,1
ACTS,SMPARALLELSTATEMENTSEQUENCE,1,999999999999999999999999999,1,N,20,1
ACTS,SMPRODUCTATTRIBUTESEQUENCE,1,999999999999999999999999999,1,N,20,1
ACTS,SMPRODUCTSEQUENCE,1,999999999999999999999999999,1,N,20,1
ACTS,SMP_BRM_ID,1,9999,1,Y,20,1
ACTS,SMP_JOB_ID_,1,99999999,1,Y,20,1
ACTS,SMP_LONG_ID,1,999999999999999999999999999,1,N,20,1
ACTS,SMP_SERVICE_SEQ,1,999999999999999999999999999,1,N,20,16640
ACTS,SMRELEASESEQUENCE,1,999999999999999999999999999,1,N,20,1
ACTS,SMRUNSEQUENCE,1,999999999999999999999999999,1,N,20,1
ACTS,SMSCHEDULESEQUENCE,1,999999999999999999999999999,1,N,20,1
ACTS,SMSHAREDORACLECLIENTSEQUENCE,1,999999999999999999999999999,1,N,20,1
ACTS,SMSHAREDORACLECONFIGSEQUENCE,1,999999999999999999999999999,1,N,20,1
ACTS,SMTABLESPACESEQUENCE,1,999999999999999999999999999,1,N,20,1
ACTS,SMTEMPORARYSEQUENCE,1,999999999999999999999999999,1,N,20,1
ACTS,SMVCENDPOINTSEQUENCE,1,999999999999999999999999999,1,N,20,1
ACTS,SMWEEKLYENTRYSEQUENCE,1,999999999999999999999999999,1,N,20,1
ACTS,TEST_TRANS_MAINT_REC_SEQ,1,999999999999999999999999999,1,N,20,122081
AGGREGATE,AGG_ERROR_LOG_SEQ,1,999999999999999999999999999,1,N,0,189669949
AGGREGATE,AGG_USER_SEQ,1,999999999999999999999999999,1,N,0,20161
AGGREGATE,UPLOAD_SEQ,1,999999999999999999999999,1,N,0,12223
APEX_030200,WWV_FLOW_SESSION_SEQ,1,9999999999999999999999999999,1,N,20,1
APEX_030200,WWV_SEQ,1,9999999999999999999999999999,1,N,20,191074
APEX_220200,WWV_FLOW_SESSION_SEQ,1,9999999999999999999999999999,1,N,1000,99368
APEX_220200,WWV_SEQ,1,9999999999999999999999999999,1,N,2000,229816
CAMS_2LM,CAMS_AUDIT_SEQ,0,999999999999999999999999999,1,N,0,61849
CAMS_2LM,CAMS_INPUT_SEQ,1,9999999999999999999999999999,1,N,20,1024
CAMS_2LM,M_SEQ,1,999999999999999999999999999,1,N,0,1
CAMS_2LM,PARTS_DICT_SEQ,1,999999999999999999999999999,1,N,0,647
CAMS_2LM,PKG_SEQ,1,999999999999999999999999999,1,N,0,43099
CAMS_2LM,P_SEQ,1,999999999999999999999999999,1,N,0,1371
CAMS_2LM,USER_SEQ,1,999999999999999999999999999,1,N,20,21
CFUSER,AC_HIST_SEQ,1,999999999999999999999999999,1,N,0,1060
CFUSER,AM_ERROR_LOG_SEQ,1,999999999999999999999999999,1,N,0,472
CFUSER,AM_LASER_HIST_SEQ,1,999999999999999999999999999,1,N,0,25976
CFUSER,AM_LASER_SEQ,1,999999999999999999999999999,1,N,0,2905
CFUSER,AM_LASER_TYPE_SEQ,1,999999999999999999999999999,1,N,0,14
CFUSER,AM_LOC_SEQ,1,999999999999999999999999999,1,N,0,712
CFUSER,AM_POD_HIST_SEQ,1,999999999999999999999999999,1,N,0,48396
CFUSER,AM_POD_SEQ,1,999999999999999999999999999,1,N,0,1774
CFUSER,AM_SITE_LICENSE_SEQ,1,999999999999999999999999999,1,N,0,162
CFUSER,AM_SOURCE_HIST_SEQ,1,999999999999999999999999999,1,N,0,35471
CFUSER,AM_SOURCE_SEQ,1,999999999999999999999999999,1,N,0,6815
CFUSER,CF_USER_APPS_SEQ,1,999999999999999999999999999,1,N,0,633
CFUSER,EE_CREWMAN_SEQ,1,999999999999999999999999999,1,N,0,6545
CFUSER,EE_DOC_MAINT_SEQ,1,999999999999999999999999999,1,N,0,546561
CFUSER,EE_ERROR_LOG_SEQ,1,999999999999999999999999999,1,N,0,1
CFUSER,EE_EVENT_HIST_SEQ,1,999999999999999999999999999,1,N,0,1545839
CFUSER,EE_EVENT_SEQ,1,999999999999999999999999999,1,N,0,1339981
CFUSER,EE_EVENT_STATUS_SEQ,1,999999999999999999999999999,1,N,0,211189763
CFUSER,EE_LOCATIONS_SEQ,1,999999999999999999999999999,1,N,0,1
CFUSER,EE_MAINT_TYPE_LOC_SEQ,1,999999999999999999999999999,1,N,0,133
CFUSER,EE_PART_SEQ,1,999999999999999999999999999,1,N,0,319300
CFUSER,EE_SRU_ORDER_SEQ,1,999999999999999999999999999,1,N,0,13942
CFUSER,EE_SRU_SEQ,1,999999999999999999999999999,1,N,0,10144
CFUSER,EE_STATION_HIST_SEQ,1,999999999999999999999999999,1,N,0,25501
CFUSER,EE_STATION_SEQ,1,999999999999999999999999999,1,N,0,530
CFUSER,EE_STATION_STATUS_SEQ,1,999999999999999999999999999,1,N,0,513097
CFUSER,EE_STA_STAT_HIST_SEQ,1,999999999999999999999999999,1,N,0,730646
CFUSER,EE_VALIDATION_SEQ,1,999999999999999999999999999,1,N,0,200
CFUSER,EE_WORK_CENTER_SEQ,1,999999999999999999999999999,1,N,0,202
CFUSER,EE_WUC_SEQ,1,999999999999999999999999999,1,N,0,11277
CFUSER,FORM_2875_SEQ,1,999999999999999999999999999,1,N,0,5
CFUSER,INV_SUBH_SEQ,1,999999999999999999999999999,1,N,0,23694
CFUSER,MX_DDR_HIST_SEQ,1,999999999999999999999999999,1,N,0,22444
CFUSER,MX_ERROR_LOG_SEQ,1,999999999999999999999999999,1,N,0,1
CFUSER,MX_EVENT_HIST_SEQ,1,999999999999999999999999999,1,N,0,27516
CFUSER,MX_METER_HIST_SEQ,1,999999999999999999999999999,1,N,0,43
CFUSER,MX_WCE_HIST_SEQ,1,999999999999999999999999999,1,N,0,29438
CFUSER,PROJ_REQ_SEQ,1,999999999999999999999999999,1,N,0,5
CFUSER,SE_CFGLOGSUB_SEQ,1,999999999999999999999999999,1,N,0,3
CFUSER,SE_CFGLOG_HIST_SEQ,1,999999999999999999999999999,1,N,0,1
CFUSER,SE_CFGLOG_TRU_SEQ,1,999999999999999999999999999,1,N,0,2126
CFUSER,SE_CFG_TRU_SEQ,1,999999999999999999999999999,1,N,0,219
CFUSER,SE_SHELTER_SEQ,1,999999999999999999999999999,1,N,0,895
CFUSER,SE_SHELTSUBCFGHIST_SEQ,1,999999999999999999999999999,1,N,0,84856
CFUSER,SE_SHELTSUBCFG_SEQ,1,999999999999999999999999999,1,N,0,21067
CFUSER,SE_SHLCFG_HIST_SEQ,1,999999999999999999999999999,1,N,0,15150
CFUSER,SE_SHLTE_HIST_SEQ,1,999999999999999999999999999,1,N,0,129222
CFUSER,SE_TEQUIP_HIST_SEQ,1,999999999999999999999999999,1,N,0,186
CFUSER,SE_TEQUIP_SEQ,1,999999999999999999999999999,1,N,0,10
GLOBALEYE,ADM_VARIABLE_SEQ,1,999999999999999999999999999,1,N,0,581
GLOBALEYE,ASSET_HIST_SEQ,1,999999999999999999999999999,1,N,0,4640690
GLOBALEYE,ASSET_INSPECTION_SEQ,1,999999999999999999999999999,1,N,0,192928
GLOBALEYE,ASSET_SEQ,1,999999999999999999999999999,1,N,0,1021435
GLOBALEYE,ASSET_VERIFY_SEQ,1,999999999999999999999999999,1,N,0,167219
GLOBALEYE,ATE_CAP_BUILD_HIST_SEQ,1,999999999999999999999999999,1,N,0,101304
GLOBALEYE,ATE_CAP_BUILD_SEQ,1,999999999999999999999999999,1,N,0,33984
GLOBALEYE,ATE_CAP_CFG_HIST_SEQ,1,999999999999999999999999999,1,N,0,3382
GLOBALEYE,ATE_CAP_CFG_SEQ,1,999999999999999999999999999,1,N,0,1370
GLOBALEYE,ATE_CAP_MATRIX_SEQ,1,999999999999999999999999999,1,N,0,1
GLOBALEYE,ATE_CAP_SEQ,1,999999999999999999999999999,1,N,0,1121
GLOBALEYE,ATE_JOB_STANDARD_SEQ,1,999999999999999999999999999,1,N,0,1329
GLOBALEYE,ATE_STATION_HIST_SEQ,1,999999999999999999999999999,1,N,0,25549
GLOBALEYE,ATE_STATION_SEQ,1,999999999999999999999999999,1,N,0,10806
GLOBALEYE,ATE_TRU_BUILD_HIST_SEQ,1,999999999999999999999999999,1,N,0,24456
GLOBALEYE,ATE_TRU_BUILD_SEQ,1,999999999999999999999999999,1,N,0,25212
GLOBALEYE,ATE_TRU_CFG_HIST_SEQ,1,999999999999999999999999999,1,N,0,9506
GLOBALEYE,ATE_TRU_CFG_SEQ,1,999999999999999999999999999,1,N,0,3931
GLOBALEYE,ATE_TRU_MATRIX_SEQ,1,999999999999999999999999999,1,N,0,19970
GLOBALEYE,ATE_TRU_REM_HIST_SEQ,1,999999999999999999999999999,1,N,0,1
GLOBALEYE,ATE_TRU_REM_SEQ,1,999999999999999999999999999,1,N,0,1
GLOBALEYE,ATE_TRU_SEQ,1,999999999999999999999999999,1,N,0,1331
GLOBALEYE,ATTACHMENTS_SEQ,1,9999999999999999999999999999,1,N,0,1669
GLOBALEYE,BAD_ACTOR_SEQ,1,999999999999999999999999999,1,N,0,60
GLOBALEYE,CFG_LIST_SEQ,1,999999999999999999999999999,1,N,0,62018
GLOBALEYE,CFG_SET_SEQ,1,999999999999999999999999999,1,N,0,337
GLOBALEYE,CODE_BY_CODE_SEQ,1,999999999999999999999999999,1,N,0,49818
GLOBALEYE,CODE_BY_LOC_SEQ,1,999999999999999999999999999,1,N,0,24054
GLOBALEYE,CODE_GROUP_SEQ,1,999999999999999999999999999,1,N,0,3041
GLOBALEYE,CODE_SEQ,1,999999999999999999999999999,1,N,0,47208
GLOBALEYE,EVENT_HIST_SEQ,1,999999999999999999999999999,1,N,0,4160240
GLOBALEYE,EVENT_SEQ,1,999999999999999999999999999,1,N,0,1830307
GLOBALEYE,EXPORT_DOC_ID_SEQ,1,999999999999999999999999999,1,N,0,33
GLOBALEYE,FAQ_SEQ,1,999999999999999999999999999,1,N,0,7
GLOBALEYE,IMDS_ERROR_LOG_SEQ,1,999999999999999999999999999,1,N,0,9156
GLOBALEYE,JOB_NO_SEQ,1,999,1,Y,0,618
GLOBALEYE,LABOR_BIT_SEQ,1,999999999999999999999999999,1,N,0,197484
GLOBALEYE,LABOR_HIST_SEQ,1,999999999999999999999999999,1,N,0,14447612
GLOBALEYE,LABOR_PART_SEQ,1,999999999999999999999999999,1,N,0,708404
GLOBALEYE,LABOR_SEQ,1,999999999999999999999999999,1,N,0,5477146
GLOBALEYE,LABOR_STATUS_DEL_SEQ,1,999999999999999999999999999,1,N,0,104123
GLOBALEYE,LABOR_STATUS_SEQ,1,999999999999999999999999999,1,N,0,6427407
GLOBALEYE,LOCATION_HIST_GE_SEQ,1,999999999999999999999999999,1,N,0,33452
GLOBALEYE,LOCATION_SEQ,1,999999999999999999999999999,1,N,0,1313
GLOBALEYE,LOC_BY_LOC_SEQ,1,999999999999999999999999999,1,N,0,162
GLOBALEYE,LOC_SET_SEQ,1,999999999999999999999999999,1,N,0,574
GLOBALEYE,LOGISTICS_SEQ,1,9999999999999999999999999999,1,N,0,1
GLOBALEYE,METER_HIST_SEQ,1,999999999999999999999999999,1,N,0,1845475
GLOBALEYE,METRICS_TRACK_HIST_SEQ,1,999999999999999999999999999,1,N,0,3
GLOBALEYE,METRICS_TRACK_SEQ,1,999999999999999999999999999,1,N,0,2
GLOBALEYE,MSG_TRANSMIT_SEQ,1,999999999999999999999999999,1,N,0,133
GLOBALEYE,PARTNO_CODE_SEQ,1,999999999999999999999999999,1,N,0,3831
GLOBALEYE,PARTNO_WUC_P2_HIST_SEQ,1,999999999999999999999999999,1,N,0,80166
GLOBALEYE,PARTNO_WUC_P2_SEQ,1,999999999999999999999999999,1,N,0,166532
GLOBALEYE,PARTNO_WUC_SEQ,1,999999999999999999999999999,1,N,0,78910
GLOBALEYE,PART_LIST_HIST_SEQ,1,999999999999999999999999999,1,N,0,1378611
GLOBALEYE,PART_LIST_SEQ,1,999999999999999999999999999,1,N,0,81647
GLOBALEYE,REPAIR_HIST_SEQ,1,999999999999999999999999999,1,N,0,7075289
GLOBALEYE,REPAIR_SEQ,1,999999999999999999999999999,1,N,0,2341400
GLOBALEYE,REPAIR_STATDEL_SEQ,1,999999999999999999999999999,1,N,0,55960
GLOBALEYE,REPAIR_STATUS_SEQ,1,999999999999999999999999999,1,N,0,2326605
GLOBALEYE,SF2520_ID_SEQ,1,999999999999999999999999999,1,N,0,63507
GLOBALEYE,SKIL_B1EI_SEQ,1,999999999999999999999999999,1,N,0,82357
GLOBALEYE,SKIL_B1PO_SEQ,1,999999999999999999999999999,1,N,0,67686
GLOBALEYE,SOFTWARE_ASSET_HIST_SEQ,1,999999999999999999999999999,1,N,0,25017
GLOBALEYE,SOFTWARE_SEQ,1,999999999999999999999999999,1,N,0,410
GLOBALEYE,SORTIES_SEQ,1,9999999999999999999999999999,1,N,0,9833884
GLOBALEYE,SRAN_SEQ,1,999999999999999999999999999,1,N,0,74
GLOBALEYE,SRU_ORDER_HIST_SEQ,1,999999999999999999999999999,1,N,0,1595946
GLOBALEYE,SRU_ORDER_SEQ,1,999999999999999999999999999,1,N,0,286598
GLOBALEYE,SRU_PART_SEQ,1,999999999999999999999999999,1,N,0,8524
GLOBALEYE,TCTO_SEQ,1,999999999999999999999999999,1,N,0,472
GLOBALEYE,TEST_FAILED_SEQ,1,999999999999999999999999999,1,N,0,6
GLOBALEYE,TIME_ZONE_OFFSET_SEQ,1,999999999999999999999999999,1,N,0,64
GLOBALEYE,TRANS_LOG_HIST_SEQ,1,999999999999999999999999999,1,N,0,15813197
GLOBALEYE,TRANS_LOG_SEQ,1,999999999999999999999999999,1,N,0,16078697
GLOBALEYE,USER_GROUP_SEQ,1,999999999999999999999999999,1,N,0,140
HTS,HTS_ID_SEQ,1,999999999999999999999999999,1,N,0,2225
HTS,MICROSOFTSEQDTPROPERTIES,1,999999999999999999999999999,1,N,50,1
LANTIRN,LSD_EVENT_DETAIL_SEQ,1,999999999999999999999999999,1,N,20,67232
LANTIRN,LSD_WCE_DETAIL_SEQ,1,999999999999999999999999999,1,N,20,127446
LANTIRN,SMP_LONG_ID,1,999999999999999999999999999,1,N,20,41
RAMPODV3,CTRLNO_SEQUENCE,1,999999999999999999999999999,1,N,20,102334
RAMPODV3,EVENT_ID_SEQUENCE,1,999999999999999999999999999,1,N,20,150148
RAMPODV3,TWTDET_EVENTID_SEQ,1,999999999999999999999999999,1,N,20,203914
RAMPODV3,TWTSRC_EVENTID_SEQ,1,999999999999999999999999999,1,N,20,218562
RAMPODV3,TWT_TESTSEQ,1,999999999999999999999999999,1,N,20,1373
RAMPODV4,CONTROLNO_SEQUENCE,1,999999999999999999999999999,1,N,0,82780
RAMPODV4,DET_EVENT_ID_SEQUENCE,1,999999999999999999999999999,1,N,20,450414
RAMPODV4,D_DET_EVENT_ID_SEQUENCE,1,999999999999999999999999999,1,N,20,91902
RAMPODV4,D_SOU_EVENT_ID_SEQUENCE,1,999999999999999999999999999,1,N,20,127861
RAMPODV4,EUL_ID_SEQ,1,999999999999999999999999999,1,N,20,197900
RAMPODV4,SMP_LONG_ID,1,999999999999999999999999999,1,N,20,1
RAMPODV4,SOURCE_EVENT_ID_SEQUENCE,1,999999999999999999999999999,1,N,20,555014
RAMPOD_LOGIN,AT_ID_SEQ,1,999999999999999999999999999,1,N,0,126
RAMPOD_LOGIN,HTS_ID_SEQ,1,999999999999999999999999999,1,N,0,36
RAMPOD_LOGIN,TASKNO_SEQ,5000,999999999999999999999999999,1,N,0,5036
RAMPOD_LOGIN,TASKPERS_SEQ,10,999999999999999999999999999,1,N,0,453
