
'OWNER'||','||'TRIGGER_NAME'||','||'TABLE_OWNER'||','||'TABLE_NAME'||','||'TRI
OWNER,TRIGGER_NAME,TABLE_OWNER,TABLE_NAME,TRIGGER_TYPE,TRIGGERING_EVENT,STATUS

OWNER||','||TRIGGER_NAME||','||TABLE_OWNER||','||TABLE_NAME||','||TRIGGER_TYPE||','||TRIGGERING_EVENT||','||STATUS
ACTS,ACTS_D_BASE_DICT_TRG,ACTS,ACTS_D_BASE_DICT,BEFORE EACH ROW,INSERT,ENABLED
ACTS,ACTS_D_BASE_DICT_UPDATE,ACTS,ACTS_D_BASE_DICT,AFTER EACH ROW,INSERT OR UPDATE OR DELETE,ENABLED
ACTS,ACTS_D_MAINT_TRG,ACTS,ACTS_D_MAINT,BEFORE EACH ROW,INSERT OR UPDATE,ENABLED
ACTS,ACTS_D_MAINT_DOC_TRG,ACTS,ACTS_D_MAINT_DOC,BEFORE EACH ROW,INSERT OR UPDATE,ENABLED
ACTS,ACTS_D_MAINT_REC_TRG,ACTS,ACTS_D_MAINT_REC,BEFORE EACH ROW,INSERT OR UPDATE,ENABLED
ACTS,ACTS_D_MAINT_TRACK_TRG,ACTS,ACTS_D_MAINT_TRACK,BEFORE EACH ROW,INSERT,ENABLED
ACTS,ACTS_D_PMC_LIM_TRG,ACTS,ACTS_D_PMC_LIM,BEFORE EACH ROW,INSERT,ENABLED
ACTS,ACTS_D_SEQ_LOG_TRG,ACTS,ACTS_D_SEQ_LOG,BEFORE EACH ROW,INSERT,ENABLED
ACTS,ACTS_D_SORTIE_TRG,ACTS,ACTS_D_SORTIE,BEFORE EACH ROW,INSERT,ENABLED
ACTS,ACTS_D_SYS_CONFIG_TRG,ACTS,ACTS_D_SYS_CONFIG,BEFORE EACH ROW,INSERT OR UPDATE,ENABLED
ACTS,ACTS_D_SYS_CONFIG_HIST_TRG,ACTS,ACTS_D_SYS_CONFIG_HIST,BEFORE EACH ROW,INSERT,ENABLED
ACTS,ACTS_D_SYS_INV_TRG,ACTS,ACTS_D_SYS_INV,BEFORE EACH ROW,INSERT OR UPDATE OR DELETE,ENABLED
ACTS,ACTS_D_SYS_INV_HIST_TRG,ACTS,ACTS_D_SYS_INV_HIST,BEFORE EACH ROW,INSERT,ENABLED
ACTS,ACTS_D_SYS_MOD_TRG,ACTS,ACTS_D_SYS_MOD,BEFORE EACH ROW,INSERT,ENABLED
ACTS,ACTS_D_TEST_TRG,ACTS,ACTS_D_TEST,BEFORE EACH ROW,INSERT,ENABLED
ACTS,ACTS_D_TIME_TRG,ACTS,ACTS_D_TIME,BEFORE EACH ROW,INSERT,ENABLED
ACTS,ACTS_LOOKUP_VER_TRG,ACTS,ACTS_LOOKUP_VER,BEFORE EACH ROW,INSERT,ENABLED
ACTS,ACTS_MDS_DICT_TRG,ACTS,ACTS_MDS_DICT,BEFORE EACH ROW,INSERT,ENABLED
ACTS,ACTS_MDS_DICT_UPDATE,ACTS,ACTS_MDS_DICT,AFTER EACH ROW,INSERT OR UPDATE OR DELETE,ENABLED
ACTS,ACTS_PMC_LIM_TRG,ACTS,ACTS_PMC_LIM,BEFORE EACH ROW,INSERT,ENABLED
ACTS,ACTS_PROCESSING_SUMMARY_TRG,ACTS,ACTS_PROCESSING_SUMMARY,BEFORE EACH ROW,INSERT,ENABLED
ACTS,ACTS_REPORTCODES_DICT_UPDATE,ACTS,ACTS_REPORTCODES_DICT_BACKUP,AFTER EACH ROW,INSERT OR UPDATE OR DELETE,ENABLED
ACTS,ACTS_SITE_INFO_TRG,ACTS,ACTS_SITE_INFO,BEFORE EACH ROW,INSERT,ENABLED
ACTS,ACTS_SITE_INFO_UPDATE,ACTS,ACTS_SITE_INFO,AFTER EACH ROW,INSERT OR UPDATE OR DELETE,ENABLED
ACTS,ACTS_SPECL_SERIAL_METRICS_TRG,ACTS,ACTS_SPECIAL_SERIAL_METRICS,BEFORE EACH ROW,INSERT,ENABLED
ACTS,ACTS_SPECL_SUMMARY_METRICS_TRG,ACTS,ACTS_SPECIAL_SUMMARY_METRICS,BEFORE EACH ROW,INSERT,ENABLED
ACTS,ACTS_SRA_DICT_TRG,ACTS,ACTS_SRA_DICT,BEFORE EACH ROW,INSERT,ENABLED
ACTS,ACTS_SRA_DICT_UPDATE,ACTS,ACTS_SRA_DICT,AFTER EACH ROW,INSERT OR UPDATE OR DELETE,ENABLED
ACTS,ACTS_SRA_METER_CUM_TRG,ACTS,ACTS_SRA_METER_CUM,BEFORE EACH ROW,INSERT,ENABLED
ACTS,ACTS_SRA_METRICS_TRG,ACTS,ACTS_SRA_METRICS,BEFORE EACH ROW,INSERT,ENABLED
ACTS,ACTS_SRA_METRIC_SUMMARY_TRG,ACTS,ACTS_SRA_METRIC_SUMMARY,BEFORE EACH ROW,INSERT,ENABLED
ACTS,ACTS_SRA_SERIAL_METRICS_TRG,ACTS,ACTS_SRA_SERIAL_METRICS,BEFORE EACH ROW,INSERT,ENABLED
ACTS,ACTS_SRA_SUMMARY_METRICS_TRG,ACTS,ACTS_SRA_SUMMARY_METRICS,BEFORE EACH ROW,INSERT,ENABLED
ACTS,ACTS_SYS_ETM_TRG,ACTS,ACTS_SYS_ETM,BEFORE EACH ROW,INSERT,ENABLED
ACTS,ACTS_SYS_METRICS_TRG,ACTS,ACTS_SYS_METRICS,BEFORE EACH ROW,INSERT,ENABLED
ACTS,ACTS_SYS_PMI_TRG,ACTS,ACTS_SYS_PMI,BEFORE EACH ROW,INSERT,ENABLED
ACTS,ACTS_SYS_SERIAL_METRICS_TRG,ACTS,ACTS_SYS_SERIAL_METRICS,BEFORE EACH ROW,INSERT,ENABLED
ACTS,ACTS_SYS_SUMMARY_METRICS_TRG,ACTS,ACTS_SYS_SUMMARY_METRICS,BEFORE EACH ROW,INSERT,ENABLED
ACTS,ACTS_S_BASE_DICT_TRG,ACTS,ACTS_S_BASE_DICT,BEFORE EACH ROW,INSERT,ENABLED
ACTS,ACTS_S_MAINT1_TRG,ACTS,ACTS_S_MAINT1,BEFORE EACH ROW,INSERT,ENABLED
ACTS,ACTS_S_MAINT2_TRG,ACTS,ACTS_S_MAINT2,BEFORE EACH ROW,INSERT,ENABLED
ACTS,ACTS_S_MAINT3_TRG,ACTS,ACTS_S_MAINT3,BEFORE EACH ROW,INSERT,ENABLED
ACTS,ACTS_S_MAINT4_TRG,ACTS,ACTS_S_MAINT4,BEFORE EACH ROW,INSERT,ENABLED
ACTS,ACTS_S_MAINT5_TRG,ACTS,ACTS_S_MAINT5,BEFORE EACH ROW,INSERT,ENABLED
ACTS,ACTS_S_MAINT6_TRG,ACTS,ACTS_S_MAINT6,BEFORE EACH ROW,INSERT,ENABLED
ACTS,ACTS_S_MAINT7_TRG,ACTS,ACTS_S_MAINT7,BEFORE EACH ROW,INSERT,ENABLED
ACTS,ACTS_S_MAINT8_TRG,ACTS,ACTS_S_MAINT8,BEFORE EACH ROW,INSERT,ENABLED
ACTS,ACTS_S_MAINT_REC_TRG,ACTS,ACTS_S_MAINT_REC,BEFORE EACH ROW,INSERT,ENABLED
ACTS,ACTS_S_PMC_LIM_TRG,ACTS,ACTS_S_PMC_LIM,BEFORE EACH ROW,INSERT,ENABLED
ACTS,ACTS_S_SORTIE_TRG,ACTS,ACTS_S_SORTIE,BEFORE EACH ROW,INSERT,ENABLED
ACTS,ACTS_S_SYS_CONFIG_TRG,ACTS,ACTS_S_SYS_CONFIG,BEFORE EACH ROW,INSERT,ENABLED
ACTS,ACTS_S_SYS_CONFIG_HIST_TRG,ACTS,ACTS_S_SYS_CONFIG_HIST,BEFORE EACH ROW,INSERT,ENABLED
ACTS,ACTS_S_SYS_INV_TRG,ACTS,ACTS_S_SYS_INV,BEFORE EACH ROW,INSERT,ENABLED
ACTS,ACTS_S_SYS_MOD_TRG,ACTS,ACTS_S_SYS_MOD,BEFORE EACH ROW,INSERT,ENABLED
ACTS,ACTS_S_TEST_TRG,ACTS,ACTS_S_TEST,BEFORE EACH ROW,INSERT,ENABLED
ACTS,ACTS_S_TIME_TRG,ACTS,ACTS_S_TIME,BEFORE EACH ROW,INSERT,ENABLED
ACTS,ACTS_TEST_DICT_TRG,ACTS,ACTS_TEST_DICT,BEFORE EACH ROW,INSERT,ENABLED
ACTS,ACTS_TEST_DICT_UPDATE,ACTS,ACTS_TEST_DICT,AFTER EACH ROW,INSERT OR UPDATE OR DELETE,ENABLED
ACTS,ACTS_TRANSFER_LOG_TRG,ACTS,ACTS_TRANSFER_LOG,BEFORE EACH ROW,INSERT,ENABLED
ACTS,ACTS_T_BASE_DICT_TRG,ACTS,ACTS_T_BASE_DICT,BEFORE EACH ROW,INSERT,ENABLED
ACTS,ACTS_T_MAINT1_TRG,ACTS,ACTS_T_MAINT1,BEFORE EACH ROW,INSERT,ENABLED
ACTS,ACTS_T_MAINT2_TRG,ACTS,ACTS_T_MAINT2,BEFORE EACH ROW,INSERT,ENABLED
ACTS,ACTS_T_MAINT3_TRG,ACTS,ACTS_T_MAINT3,BEFORE EACH ROW,INSERT,ENABLED
ACTS,ACTS_T_MAINT4_TRG,ACTS,ACTS_T_MAINT4,BEFORE EACH ROW,INSERT,ENABLED
ACTS,ACTS_T_MAINT5_TRG,ACTS,ACTS_T_MAINT5,BEFORE EACH ROW,INSERT,ENABLED
ACTS,ACTS_T_MAINT6_TRG,ACTS,ACTS_T_MAINT6,BEFORE EACH ROW,INSERT,ENABLED
ACTS,ACTS_T_MAINT7_TRG,ACTS,ACTS_T_MAINT7,BEFORE EACH ROW,INSERT,ENABLED
ACTS,ACTS_T_MAINT8_TRG,ACTS,ACTS_T_MAINT8,BEFORE EACH ROW,INSERT,ENABLED
ACTS,ACTS_T_MAINT_REC_TRG,ACTS,ACTS_T_MAINT_REC,BEFORE EACH ROW,INSERT,ENABLED
ACTS,ACTS_T_MAINT_TRACK_TRG,ACTS,ACTS_T_MAINT_TRACK,BEFORE EACH ROW,INSERT,ENABLED
ACTS,ACTS_T_PMC_LIM_TRG,ACTS,ACTS_T_PMC_LIM,BEFORE EACH ROW,INSERT,ENABLED
ACTS,ACTS_T_SORTIE_TRG,ACTS,ACTS_T_SORTIE,BEFORE EACH ROW,INSERT,ENABLED
ACTS,ACTS_T_SYS_CONFIG_TRG,ACTS,ACTS_T_SYS_CONFIG,BEFORE EACH ROW,INSERT,ENABLED
ACTS,ACTS_T_SYS_CONFIG_HIST_TRG,ACTS,ACTS_T_SYS_CONFIG_HIST,BEFORE EACH ROW,INSERT,ENABLED
ACTS,ACTS_T_SYS_INV_TRG,ACTS,ACTS_T_SYS_INV,BEFORE EACH ROW,INSERT,ENABLED
ACTS,ACTS_T_SYS_MOD_TRG,ACTS,ACTS_T_SYS_MOD,BEFORE EACH ROW,INSERT,ENABLED
ACTS,ACTS_T_TEST_TRG,ACTS,ACTS_T_TEST,BEFORE EACH ROW,INSERT,ENABLED
ACTS,ACTS_T_TIME_TRG,ACTS,ACTS_T_TIME,BEFORE EACH ROW,INSERT,ENABLED
ACTS,ACTS_UPLOADS_TRG,ACTS,ACTS_UPLOADS,BEFORE EACH ROW,INSERT,ENABLED
ACTS,ACTS_UPLOADS_HIST_TRG,ACTS,ACTS_UPLOADS_HIST,BEFORE EACH ROW,INSERT,ENABLED
ACTS,ACTS_PROCESSING_START,ACTS,ACTS_VALIDATOR_STATUS,AFTER EACH ROW,INSERT,ENABLED
ACTS,ACTS_VALIDATOR_STATUS_TRG,ACTS,ACTS_VALIDATOR_STATUS,BEFORE EACH ROW,INSERT,ENABLED
ACTS,CONFIG131TEMP_TRG,ACTS,CONFIG131TEMP,BEFORE EACH ROW,INSERT,ENABLED
ACTS,IMDS_CONFIG131_TRG,ACTS,IMDS_CONFIG131,BEFORE EACH ROW,INSERT,ENABLED
ACTS,IMDS_CONFIG184_TRG,ACTS,IMDS_CONFIG184,BEFORE EACH ROW,INSERT,ENABLED
AGGREGATE,ADPE_BUILDING_TRG,AGGREGATE,ADPE_BUILDING,BEFORE EACH ROW,INSERT OR UPDATE OR DELETE,ENABLED
AGGREGATE,ADPE_EMPLOYEE_TRG,AGGREGATE,ADPE_EMPLOYEE,BEFORE EACH ROW,INSERT OR UPDATE OR DELETE,ENABLED
AGGREGATE,ADPE_HARDWARE_TRG,AGGREGATE,ADPE_HARDWARE,BEFORE EACH ROW,INSERT OR UPDATE OR DELETE,ENABLED
AGGREGATE,ADPE_HW_SW_TRG,AGGREGATE,ADPE_HW_SW,BEFORE EACH ROW,INSERT OR UPDATE OR DELETE,ENABLED
AGGREGATE,ADPE_SOFTWARE_TRG,AGGREGATE,ADPE_SOFTWARE,BEFORE EACH ROW,INSERT OR UPDATE OR DELETE,ENABLED
AGGREGATE,AGG_APP_TRG,AGGREGATE,AGG_APP,BEFORE EACH ROW,INSERT OR UPDATE OR DELETE,ENABLED
AGGREGATE,AGG_APP_EMAIL_TRG,AGGREGATE,AGG_APP_EMAIL,BEFORE EACH ROW,INSERT OR UPDATE OR DELETE,ENABLED
AGGREGATE,AGG_AUDIT_LOG_TRG,AGGREGATE,AGG_AUDIT_LOG,BEFORE EACH ROW,INSERT OR UPDATE OR DELETE,ENABLED
AGGREGATE,AGG_AUTHORIZED_TRG,AGGREGATE,AGG_AUTHORIZED,BEFORE EACH ROW,INSERT OR UPDATE,ENABLED
AGGREGATE,AGG_AUTHORIZED_HIST_TRG,AGGREGATE,AGG_AUTHORIZED_HIST,BEFORE EACH ROW,INSERT,ENABLED
AGGREGATE,AGG_EMAIL_MSG_TRG,AGGREGATE,AGG_EMAIL_MSG,BEFORE EACH ROW,INSERT OR UPDATE OR DELETE,ENABLED
AGGREGATE,AGG_ERROR_LOG_TRG,AGGREGATE,AGG_ERROR_LOG,BEFORE EACH ROW,INSERT,ENABLED
AGGREGATE,AGG_INV_ASSETS_TRG,AGGREGATE,AGG_INV_ASSETS,BEFORE EACH ROW,INSERT,ENABLED
AGGREGATE,AGG_INVA_HIST_TRG,AGGREGATE,AGG_INV_ASSETS_HIST,BEFORE EACH ROW,INSERT,ENABLED
AGGREGATE,AGG_LOC_PRIV_TRG,AGGREGATE,AGG_LOC_PRIV,BEFORE EACH ROW,INSERT OR UPDATE OR DELETE,ENABLED
AGGREGATE,AGG_LOC_PRIV_HIST_TRG,AGGREGATE,AGG_LOC_PRIV_HIST,BEFORE EACH ROW,INSERT OR UPDATE OR DELETE,ENABLED
AGGREGATE,AGG_USER_TRG,AGGREGATE,AGG_USER,BEFORE EACH ROW,INSERT OR UPDATE OR DELETE,ENABLED
AGGREGATE,AGG_USER_APP_TRG,AGGREGATE,AGG_USER_APP,BEFORE EACH ROW,INSERT OR UPDATE OR DELETE,ENABLED
AGGREGATE,AGG_USER_HIST_TRG,AGGREGATE,AGG_USER_HIST,BEFORE EACH ROW,INSERT,ENABLED
AGGREGATE,AGG_USER_PHONE_TRG,AGGREGATE,AGG_USER_PHONE,BEFORE EACH ROW,INSERT OR UPDATE OR DELETE,ENABLED
AGGREGATE,AGG_USER_PRIV_TRG,AGGREGATE,AGG_USER_PRIV,BEFORE EACH ROW,INSERT OR UPDATE OR DELETE,ENABLED
AGGREGATE,AGG_UPRIV_HIST_TRG,AGGREGATE,AGG_USER_PRIV_HIST,BEFORE EACH ROW,INSERT OR UPDATE OR DELETE,ENABLED
AGGREGATE,AGG_USER_UP_TRG,AGGREGATE,AGG_USER_UP,BEFORE EACH ROW,INSERT OR UPDATE OR DELETE,ENABLED
AGGREGATE,AUDIT_ACCESS_TRG,AGGREGATE,AUDIT_ACCESS,BEFORE EACH ROW,INSERT,ENABLED
AGGREGATE,CODE_TRG,AGGREGATE,CODE,BEFORE EACH ROW,INSERT OR UPDATE OR DELETE,ENABLED
AGGREGATE,HELP_ASSIGN_TRG,AGGREGATE,HELP_ASSIGN,BEFORE EACH ROW,INSERT OR UPDATE OR DELETE,ENABLED
AGGREGATE,HELP_REQUEST_TRG,AGGREGATE,HELP_REQUEST,BEFORE EACH ROW,INSERT OR UPDATE OR DELETE,ENABLED
AGGREGATE,MAX_ERROR_LOG_TRG,AGGREGATE,MAX_ERROR_LOG,BEFORE EACH ROW,INSERT,ENABLED
AGGREGATE,PRIV_GROUP_TRG,AGGREGATE,PRIV_GROUP,BEFORE EACH ROW,INSERT OR UPDATE OR DELETE,ENABLED
AGGREGATE,PRIV_GROUP_GRANTS_TRG,AGGREGATE,PRIV_GROUP_GRANTS,BEFORE EACH ROW,INSERT OR UPDATE OR DELETE,ENABLED
AGGREGATE,PRIV_LIST_TRG,AGGREGATE,PRIV_LIST,BEFORE EACH ROW,INSERT OR UPDATE OR DELETE,ENABLED
AGGREGATE,PRIV_PROFILE_GRANTS_TRG,AGGREGATE,PRIV_PROFILE_GRANTS,BEFORE EACH ROW,INSERT OR UPDATE OR DELETE,ENABLED
AGGREGATE,PRIV_USER_GRANTS_TRG,AGGREGATE,PRIV_USER_GRANTS,BEFORE EACH ROW,INSERT OR UPDATE OR DELETE,ENABLED
AGGREGATE,RDR_ACTION_TRG,AGGREGATE,RDR_ACTION,BEFORE EACH ROW,INSERT OR UPDATE OR DELETE,ENABLED
AGGREGATE,RDR_BATCH_TRG,AGGREGATE,RDR_BATCH,BEFORE EACH ROW,INSERT OR UPDATE OR DELETE,ENABLED
AGGREGATE,RDR_PREFIX_TRG,AGGREGATE,RDR_PREFIX,BEFORE EACH ROW,INSERT OR UPDATE OR DELETE,ENABLED
AGGREGATE,RPT_DEBUG_TRG,AGGREGATE,RPT_DEBUG,BEFORE EACH ROW,INSERT OR UPDATE,ENABLED
AGGREGATE,RPT_NAME_TRG,AGGREGATE,RPT_NAME,BEFORE EACH ROW,INSERT OR UPDATE,ENABLED
AGGREGATE,RPT_PARAMETER_TRG,AGGREGATE,RPT_PARAMETER,BEFORE EACH ROW,INSERT OR UPDATE,ENABLED
AGGREGATE,RPT_PARM_PROCESS_TRG,AGGREGATE,RPT_PARM_PROCESS,BEFORE EACH ROW,INSERT OR UPDATE OR DELETE,ENABLED
AGGREGATE,RPT_REQUEST_TRG,AGGREGATE,RPT_REQUEST,BEFORE EACH ROW,INSERT OR UPDATE,ENABLED
AGGREGATE,RPT_REQUEST_VAR_TRG,AGGREGATE,RPT_REQUEST_VAR,BEFORE EACH ROW,INSERT OR UPDATE,ENABLED
AGGREGATE,RPT_SQL_TRG,AGGREGATE,RPT_SQL,BEFORE EACH ROW,INSERT OR UPDATE,ENABLED
AGGREGATE,UIIAST_TRG,AGGREGATE,UII_ASSETS,BEFORE EACH ROW,INSERT OR UPDATE OR DELETE,ENABLED
AGGREGATE,UPLOAD_TRG,AGGREGATE,UPLOAD,BEFORE EACH ROW,INSERT OR UPDATE OR DELETE,ENABLED
AGGREGATE,USER_ACCT_LOG_TRG,AGGREGATE,USER_ACCT_LOG,BEFORE EACH ROW,INSERT,ENABLED
APEX_220200,APEX_APPL_ACL_USERS_IOT,APEX_220200,APEX_APPL_ACL_USERS,INSTEAD OF,INSERT OR UPDATE OR DELETE,ENABLED
APEX_220200,APEX_DG_DATASETS_T1,APEX_220200,APEX_DG_DATASETS,BEFORE EACH ROW,INSERT OR UPDATE,ENABLED
APEX_220200,APEX_DG_DATASET_ROWS_T1,APEX_220200,APEX_DG_DATASET_ROWS,BEFORE EACH ROW,INSERT OR UPDATE,ENABLED
APEX_220200,WWV_FLOW_FILES_IOT,APEX_220200,WWV_FLOW_FILES,INSTEAD OF,INSERT OR UPDATE OR DELETE,ENABLED
APEX_220200,WWV_FLOW_TEMP_FILES_IOT,APEX_220200,WWV_FLOW_TEMP_FILES,INSTEAD OF,DELETE,ENABLED
APEX_220200,WWV_FLOW_USER_MAIL_ATTS_IOT,APEX_220200,WWV_FLOW_USER_MAIL_ATTACHMENTS,INSTEAD OF,DELETE,ENABLED
APEX_220200,WWV_FLOW_USER_MAIL_QUEUE_IOT,APEX_220200,WWV_FLOW_USER_MAIL_QUEUE,INSTEAD OF,DELETE,ENABLED
CAMS_2LM,CAMS_D_DDRS_TRG,CAMS_2LM,CAMS_D_DDRS,BEFORE EACH ROW,INSERT OR UPDATE OR DELETE,ENABLED
CAMS_2LM,CAMS_D_EVENTS_TRG,CAMS_2LM,CAMS_D_EVENTS,BEFORE EACH ROW,INSERT OR UPDATE OR DELETE,ENABLED
CAMS_2LM,CAMS_D_METERS_TRG,CAMS_2LM,CAMS_D_METERS,BEFORE EACH ROW,INSERT OR UPDATE OR DELETE,ENABLED
CAMS_2LM,CAMS_D_WCES_TRG,CAMS_2LM,CAMS_D_WCES,BEFORE EACH ROW,INSERT OR UPDATE OR DELETE,ENABLED
CAMS_2LM,CAMS_INPUT2_TRG,CAMS_2LM,CAMS_INPUT2,BEFORE EACH ROW,INSERT,ENABLED
CFUSER,AIRCRAFT_TRG,CFUSER,AIRCRAFT,BEFORE EACH ROW,INSERT OR UPDATE OR DELETE,ENABLED
CFUSER,AC_HIST_TRG,CFUSER,AIRCRAFT_HIST,BEFORE EACH ROW,INSERT,ENABLED
CFUSER,AM_LASER_TRG,CFUSER,AM_LASER,BEFORE EACH ROW,INSERT OR UPDATE,ENABLED
CFUSER,AM_LASER_HIST_TRG,CFUSER,AM_LASER_HIST,BEFORE EACH ROW,INSERT OR UPDATE,ENABLED
CFUSER,AM_LASER_TYPE_TRG,CFUSER,AM_LASER_TYPE,BEFORE EACH ROW,INSERT OR UPDATE,ENABLED
CFUSER,AM_LOC_TRG,CFUSER,AM_LOC,BEFORE EACH ROW,INSERT,ENABLED
CFUSER,AM_POD_TRG,CFUSER,AM_POD,BEFORE EACH ROW,INSERT OR UPDATE,ENABLED
CFUSER,AM_POD_HIST_TRG,CFUSER,AM_POD_HIST,BEFORE EACH ROW,INSERT OR UPDATE,ENABLED
CFUSER,AM_SITE_LICENSE_TRG,CFUSER,AM_SITE_LICENSE,BEFORE EACH ROW,INSERT OR UPDATE,ENABLED
CFUSER,AM_SOURCE_TRG,CFUSER,AM_SOURCE,BEFORE EACH ROW,INSERT OR UPDATE,ENABLED
CFUSER,AM_SOURCE_HIST_TRG,CFUSER,AM_SOURCE_HIST,BEFORE EACH ROW,INSERT OR UPDATE,ENABLED
CFUSER,ANNOUNCEMENTS_TRG,CFUSER,ANNOUNCEMENTS,BEFORE EACH ROW,INSERT OR UPDATE,ENABLED
CFUSER,CF_APPS_TRG,CFUSER,CF_APPS,BEFORE EACH ROW,INSERT OR UPDATE,ENABLED
CFUSER,CF_INVAST_TRG,CFUSER,CF_INV_ASSETS,BEFORE EACH ROW,INSERT OR UPDATE OR DELETE,ENABLED
CFUSER,CF_INV_AST_HIST_TRG,CFUSER,CF_INV_ASSETS_HIST,BEFORE EACH ROW,INSERT OR UPDATE OR DELETE,ENABLED
CFUSER,CF_INVSYS_TRG,CFUSER,CF_INV_SYSTEMS,BEFORE EACH ROW,INSERT OR UPDATE OR DELETE,ENABLED
CFUSER,CF_PRVLST_TRG,CFUSER,CF_PRIV_LIST,BEFORE EACH ROW,INSERT OR UPDATE OR DELETE,ENABLED
CFUSER,CF_USR_TRG,CFUSER,CF_USERS,BEFORE EACH ROW,INSERT OR UPDATE OR DELETE,ENABLED
CFUSER,CF_USERSH_TRG,CFUSER,CF_USERS_HIST,BEFORE EACH ROW,INSERT,ENABLED
CFUSER,CF_USER_APPS_TRG,CFUSER,CF_USER_APPS,BEFORE EACH ROW,INSERT OR UPDATE,ENABLED
CFUSER,CF_UPRIVS_TRG,CFUSER,CF_USER_PRIVS,BEFORE EACH ROW,INSERT OR UPDATE OR DELETE,ENABLED
CFUSER,EE_CREWMAN_TRG,CFUSER,EE_CREWMAN,BEFORE EACH ROW,INSERT OR UPDATE,ENABLED
CFUSER,EE_DOC_MAINT_TRG,CFUSER,EE_DOC_MAINT,BEFORE EACH ROW,INSERT OR UPDATE OR DELETE,ENABLED
CFUSER,EE_ERROR_LOG_LOC_TRG,CFUSER,EE_ERROR_LOG,BEFORE EACH ROW,INSERT,ENABLED
CFUSER,EE_EVENT_TRG,CFUSER,EE_EVENT,BEFORE EACH ROW,INSERT OR UPDATE OR DELETE,ENABLED
CFUSER,EE_EVENT_HIST_TRG,CFUSER,EE_EVENT_HIST,BEFORE EACH ROW,INSERT OR UPDATE,ENABLED
CFUSER,EE_EVENT_STATUS_TRG,CFUSER,EE_EVENT_STATUS,BEFORE EACH ROW,INSERT OR UPDATE OR DELETE,ENABLED
CFUSER,EE_LOCATIONS_SEQ_TRG,CFUSER,EE_LOCATIONS,BEFORE EACH ROW,INSERT,ENABLED
CFUSER,EE_MAINT_TYPE_TRG,CFUSER,EE_MAINT_TYPE,BEFORE EACH ROW,INSERT OR UPDATE,ENABLED
CFUSER,EE_MAINT_TYPE_LOC_TRG,CFUSER,EE_MAINT_TYPE_LOC,BEFORE EACH ROW,INSERT OR UPDATE,ENABLED
CFUSER,EE_PART_TRG,CFUSER,EE_PART,BEFORE EACH ROW,INSERT OR UPDATE,ENABLED
CFUSER,EE_SRU_TRG,CFUSER,EE_SRU,BEFORE EACH ROW,INSERT,ENABLED
CFUSER,EE_SRU_ORDER_TRG,CFUSER,EE_SRU_ORDER,BEFORE EACH ROW,INSERT OR UPDATE,ENABLED
CFUSER,EE_STATION_TRG,CFUSER,EE_STATION,BEFORE EACH ROW,INSERT OR UPDATE OR DELETE,DISABLED
CFUSER,EE_STATION_HIST_TRG,CFUSER,EE_STATION_HIST,BEFORE EACH ROW,INSERT,ENABLED
CFUSER,EE_STATION_STATUS_TRG,CFUSER,EE_STATION_STATUS,BEFORE EACH ROW,INSERT OR UPDATE,ENABLED
CFUSER,EE_STA_STAT_HIST_TRG,CFUSER,EE_STATION_STATUS_HIST,BEFORE EACH ROW,INSERT,ENABLED
CFUSER,EE_TIME_DIFF_SEQ_TRG,CFUSER,EE_TIME_DIFF,BEFORE EACH ROW,INSERT,ENABLED
CFUSER,EE_VALIDATION_TRG,CFUSER,EE_VALIDATION,BEFORE EACH ROW,INSERT,ENABLED
CFUSER,EE_WORK_CENTER_TRG,CFUSER,EE_WORK_CENTER,BEFORE EACH ROW,INSERT,ENABLED
CFUSER,EE_WUC_TRG,CFUSER,EE_WUC,BEFORE EACH ROW,INSERT,ENABLED
CFUSER,FORM_2875_TRG,CFUSER,FORM_2875,BEFORE EACH ROW,INSERT OR UPDATE,ENABLED
CFUSER,INV_CFGMISS_TRG,CFUSER,INV_CFG_MISSION,BEFORE EACH ROW,INSERT OR UPDATE OR DELETE,ENABLED
CFUSER,INV_CFGNAME_TRG,CFUSER,INV_CFG_NAME,BEFORE EACH ROW,INSERT OR UPDATE OR DELETE,ENABLED
CFUSER,INV_SUB_TRG,CFUSER,INV_SUB,BEFORE EACH ROW,INSERT OR UPDATE OR DELETE,ENABLED
CFUSER,INV_SUBH_TRG,CFUSER,INV_SUB_HIST,BEFORE EACH ROW,INSERT,ENABLED
CFUSER,INV_TYPES_TRG,CFUSER,INV_TYPES,BEFORE EACH ROW,INSERT OR UPDATE OR DELETE,ENABLED
CFUSER,LU_CODES_TRG,CFUSER,LU_CODES,BEFORE EACH ROW,INSERT OR UPDATE OR DELETE,ENABLED
CFUSER,LU_LOCSETS_TRG,CFUSER,LU_LOC_SETS,BEFORE EACH ROW,INSERT OR UPDATE OR DELETE,ENABLED
CFUSER,MX_CREWMAN_TRG,CFUSER,MX_CREWMAN,BEFORE EACH ROW,INSERT OR UPDATE,ENABLED
CFUSER,MX_DDR_TRG,CFUSER,MX_DDR,BEFORE EACH ROW,INSERT OR UPDATE OR DELETE,ENABLED
CFUSER,MX_DDR_CREW_TRG,CFUSER,MX_DDR_CREW,BEFORE EACH ROW,INSERT OR UPDATE,ENABLED
CFUSER,MX_DDR_HIST_TRG,CFUSER,MX_DDR_HIST,BEFORE EACH ROW,INSERT,ENABLED
CFUSER,MX_DOC_TRG,CFUSER,MX_DOC,BEFORE EACH ROW,INSERT OR UPDATE,ENABLED
CFUSER,MX_EVENT_TRG,CFUSER,MX_EVENT,BEFORE EACH ROW,INSERT OR UPDATE OR DELETE,ENABLED
CFUSER,MX_EVENT_HIST_TRG,CFUSER,MX_EVENT_HIST,BEFORE EACH ROW,INSERT,ENABLED
CFUSER,MX_METER_TRG,CFUSER,MX_METER,BEFORE EACH ROW,INSERT OR UPDATE OR DELETE,ENABLED
CFUSER,MX_METER_HIST_TRG,CFUSER,MX_METER_HIST,BEFORE EACH ROW,INSERT,ENABLED
CFUSER,MX_PART_TRG,CFUSER,MX_PART,BEFORE EACH ROW,INSERT OR UPDATE OR DELETE,ENABLED
CFUSER,MX_SRD_TRG,CFUSER,MX_SRD,BEFORE EACH ROW,INSERT OR UPDATE,ENABLED
CFUSER,MX_WCE_TRG,CFUSER,MX_WCE,BEFORE EACH ROW,INSERT OR UPDATE OR DELETE,ENABLED
CFUSER,MX_WCE_HIST_TRG,CFUSER,MX_WCE_HIST,BEFORE EACH ROW,INSERT,ENABLED
CFUSER,MX_WORK_CENTER_TRG,CFUSER,MX_WORK_CENTER,BEFORE EACH ROW,INSERT OR UPDATE OR DELETE,ENABLED
CFUSER,PROJ_ACTV_TRG,CFUSER,PROJ_ACTIVITY,BEFORE EACH ROW,INSERT OR UPDATE,ENABLED
CFUSER,PROJ_INFO_TRG,CFUSER,PROJ_INFO,BEFORE EACH ROW,INSERT OR UPDATE OR DELETE,ENABLED
CFUSER,PROJ_INSTR_TRG,CFUSER,PROJ_INSTRUCT,BEFORE EACH ROW,INSERT OR UPDATE,ENABLED
CFUSER,PROJ_OPR_TRG,CFUSER,PROJ_OPR,BEFORE EACH ROW,INSERT OR UPDATE,ENABLED
CFUSER,PROJ_REQ_TRG,CFUSER,PROJ_REQ,BEFORE EACH ROW,INSERT OR UPDATE OR DELETE,ENABLED
CFUSER,REPORT_CUSTOM_TRG,CFUSER,REPORT_CUSTOM,BEFORE EACH ROW,INSERT,ENABLED
CFUSER,REPORT_HISTORY_TRG,CFUSER,REPORT_HISTORY,BEFORE EACH ROW,INSERT,ENABLED
CFUSER,SE_CFG_LOG_TRG,CFUSER,SE_CFG_LOGICAL,BEFORE EACH ROW,INSERT OR UPDATE OR DELETE,ENABLED
CFUSER,SE_CFGLOG_HIST_TRG,CFUSER,SE_CFG_LOGICAL_HIST,BEFORE EACH ROW,INSERT,ENABLED
CFUSER,SE_CFG_LOG_SUB_TRG,CFUSER,SE_CFG_LOGICAL_SUB,BEFORE EACH ROW,INSERT OR UPDATE OR DELETE,ENABLED
CFUSER,SE_CFG_LOG_TRU_TRG,CFUSER,SE_CFG_LOGICAL_TRU,BEFORE EACH ROW,INSERT,ENABLED
CFUSER,SE_CFG_TRU_TRG,CFUSER,SE_CFG_TRU,BEFORE EACH ROW,INSERT OR UPDATE OR DELETE,ENABLED
CFUSER,SE_SHELTER_CFG_TRG,CFUSER,SE_SHELTER_CFG,BEFORE EACH ROW,INSERT OR UPDATE OR DELETE,ENABLED
CFUSER,SE_SHLCFG_HIST_TRG,CFUSER,SE_SHELTER_CFG_HIST,BEFORE EACH ROW,INSERT,ENABLED
CFUSER,SE_SHELTER_SUB_CFG_TRG,CFUSER,SE_SHELTER_SUB_CFG,BEFORE EACH ROW,INSERT OR UPDATE OR DELETE,ENABLED
CFUSER,SE_SHELTER_SUB_CFG_HIST_TRG,CFUSER,SE_SHELTER_SUB_CFG_HIST,BEFORE EACH ROW,INSERT,ENABLED
CFUSER,SE_SHLTE_HIST_TRG,CFUSER,SE_SHELTER_TE_HIST,BEFORE EACH ROW,INSERT,ENABLED
CFUSER,SE_TEST_EQUIP_TRG,CFUSER,SE_TEST_EQUIP,BEFORE EACH ROW,INSERT OR UPDATE OR DELETE,ENABLED
CFUSER,SE_TESTEQ_HIST_TRG,CFUSER,SE_TEST_EQUIP_HIST,BEFORE EACH ROW,INSERT,ENABLED
CFUSER,SORTIE_TRG,CFUSER,SORTIE,BEFORE EACH ROW,INSERT OR UPDATE OR DELETE,ENABLED
CORE_TABLES,TRG_AUX_ASSETS_SW,CORE_TABLES,AUX_ASSETS_SW,BEFORE EACH ROW,INSERT OR UPDATE OR DELETE,ENABLED
CORE_TABLES,TRG_AUX_ASSETS_TCTO,CORE_TABLES,AUX_ASSETS_TCTO,BEFORE EACH ROW,INSERT OR UPDATE OR DELETE,ENABLED
CORE_TABLES,TRG_AUX_EVENT_SW,CORE_TABLES,AUX_EVENT_SW,BEFORE EACH ROW,INSERT OR UPDATE OR DELETE,ENABLED
CORE_TABLES,TRG_AUX_MDS_LOC,CORE_TABLES,AUX_MDS_LOC,BEFORE EACH ROW,INSERT OR UPDATE OR DELETE,ENABLED
CORE_TABLES,TRG_AUX_PMC,CORE_TABLES,AUX_PMC,BEFORE EACH ROW,INSERT OR UPDATE OR DELETE,ENABLED
CORE_TABLES,TRG_AUX_SYS_CONTRACT,CORE_TABLES,AUX_SYS_CONTRACT,BEFORE EACH ROW,INSERT OR UPDATE OR DELETE,ENABLED
CORE_TABLES,TRG_AUX_USER_CONTRACT,CORE_TABLES,AUX_USER_CONTRACT,BEFORE EACH ROW,INSERT OR UPDATE OR DELETE,ENABLED
CORE_TABLES,TRG_AUX_USER_LOC,CORE_TABLES,AUX_USER_LOC,BEFORE EACH ROW,INSERT OR UPDATE OR DELETE,ENABLED
CORE_TABLES,TRG_AUX_USER_MDS,CORE_TABLES,AUX_USER_MDS,BEFORE EACH ROW,INSERT OR UPDATE OR DELETE,ENABLED
CORE_TABLES,TRG_CFG_ACTS,CORE_TABLES,CFG_ACTS,BEFORE EACH ROW,INSERT OR UPDATE OR DELETE,ENABLED
CORE_TABLES,TRG_CFG_HTS,CORE_TABLES,CFG_HTS,BEFORE EACH ROW,INSERT OR UPDATE OR DELETE,ENABLED
CORE_TABLES,TRG_CFG_LOGICAL,CORE_TABLES,CFG_LOGICAL,BEFORE EACH ROW,INSERT OR UPDATE OR DELETE,ENABLED
CORE_TABLES,TRG_CFG_METERS,CORE_TABLES,CFG_METERS,BEFORE EACH ROW,INSERT OR UPDATE OR DELETE,ENABLED
CORE_TABLES,TRG_CFG_METERS2,CORE_TABLES,CFG_METERS,COMPOUND,UPDATE OR DELETE,ENABLED
CORE_TABLES,TRG_CFG_METERS_HTS2,CORE_TABLES,CFG_METERS,AFTER EACH ROW,INSERT OR UPDATE,ENABLED
CORE_TABLES,TRG_CFG_PHYSICAL,CORE_TABLES,CFG_PHYSICAL,BEFORE EACH ROW,INSERT OR UPDATE,ENABLED
CORE_TABLES,TRG_EXCEPTIONS,CORE_TABLES,EXCEPTIONS,BEFORE EACH ROW,INSERT OR UPDATE OR DELETE,ENABLED
CORE_TABLES,TRG_INTERFACE_CONTROL,CORE_TABLES,INTERFACE_CONTROL,BEFORE EACH ROW,INSERT OR UPDATE OR DELETE,ENABLED
CORE_TABLES,TRG_INV_ASSETS,CORE_TABLES,INV_ASSETS,BEFORE EACH ROW,INSERT OR UPDATE OR DELETE,ENABLED
CORE_TABLES,TRG_INV_ASSETS_HTS2,CORE_TABLES,INV_ASSETS,AFTER EACH ROW,INSERT OR UPDATE,ENABLED
CORE_TABLES,TRG_INV_SOFTWARE,CORE_TABLES,INV_SOFTWARE,BEFORE EACH ROW,INSERT OR UPDATE OR DELETE,ENABLED
CORE_TABLES,TRG_INV_SYSTEMS,CORE_TABLES,INV_SYSTEMS,BEFORE EACH ROW,INSERT OR UPDATE OR DELETE,ENABLED
CORE_TABLES,TRG_INV_SYS_OLD_PN,CORE_TABLES,INV_SYS_OLD_PN,BEFORE EACH ROW,INSERT OR UPDATE OR DELETE,ENABLED
CORE_TABLES,TRG_INV_TCTO,CORE_TABLES,INV_TCTO,BEFORE EACH ROW,INSERT OR UPDATE OR DELETE,ENABLED
CORE_TABLES,TRG_INV_VERIFICATION,CORE_TABLES,INV_VERIFICATION,BEFORE EACH ROW,INSERT OR UPDATE,ENABLED
CORE_TABLES,TRG_LU_CODE,CORE_TABLES,LU_CODE,BEFORE EACH ROW,INSERT OR UPDATE OR DELETE,ENABLED
CORE_TABLES,TRG_LU_CODE_TYPE,CORE_TABLES,LU_CODE_TYPE,BEFORE EACH ROW,INSERT OR UPDATE OR DELETE,ENABLED
CORE_TABLES,TRG_LU_CONTRACTS,CORE_TABLES,LU_CONTRACTS,BEFORE EACH ROW,INSERT OR UPDATE OR DELETE,ENABLED
CORE_TABLES,TRG_LU_LOCATIONS,CORE_TABLES,LU_LOCATIONS,BEFORE EACH ROW,INSERT OR UPDATE OR DELETE,ENABLED
CORE_TABLES,TRG_LU_VALIDATORS,CORE_TABLES,LU_VALIDATORS,BEFORE EACH ROW,INSERT OR UPDATE OR DELETE,ENABLED
CORE_TABLES,TRG_LU_VALID_LOCS,CORE_TABLES,LU_VALID_LOCS,BEFORE EACH ROW,INSERT OR UPDATE OR DELETE,ENABLED
CORE_TABLES,TRG_MAINT_ACTS_SORTIE,CORE_TABLES,MAINT_ACTS_SORTIE,BEFORE EACH ROW,INSERT OR UPDATE OR DELETE,ENABLED
CORE_TABLES,TRG_MAINT_CAMS_REF,CORE_TABLES,MAINT_CAMS_REF,BEFORE EACH ROW,INSERT OR UPDATE OR DELETE,ENABLED
CORE_TABLES,TRG_MAINT_CREWS,CORE_TABLES,MAINT_CREWS,BEFORE EACH ROW,INSERT OR UPDATE OR DELETE,ENABLED
CORE_TABLES,TRG_MAINT_EVENTS,CORE_TABLES,MAINT_EVENTS,BEFORE EACH ROW,INSERT OR UPDATE OR DELETE,ENABLED
CORE_TABLES,TRG_MAINT_EVENTS_LIST,CORE_TABLES,MAINT_EVENTS_LIST,BEFORE EACH ROW,INSERT OR UPDATE OR DELETE,ENABLED
CORE_TABLES,TRG_MAINT_LABOR,CORE_TABLES,MAINT_LABOR,BEFORE EACH ROW,INSERT OR UPDATE OR DELETE,ENABLED
CORE_TABLES,TRG_MAINT_PARTS,CORE_TABLES,MAINT_PARTS,BEFORE EACH ROW,INSERT OR UPDATE OR DELETE,ENABLED
CORE_TABLES,TRG_MAINT_PMI,CORE_TABLES,MAINT_PMI,BEFORE EACH ROW,INSERT OR UPDATE OR DELETE,ENABLED
CORE_TABLES,TRG_MAINT_REPAIRS,CORE_TABLES,MAINT_REPAIRS,BEFORE EACH ROW,INSERT OR UPDATE OR DELETE,ENABLED
CORE_TABLES,TRG_MAINT_RR_PARTS,CORE_TABLES,MAINT_RR_PARTS,BEFORE EACH ROW,INSERT OR UPDATE OR DELETE,ENABLED
CORE_TABLES,TRG_MAINT_TEST,CORE_TABLES,MAINT_TEST,BEFORE EACH ROW,INSERT OR UPDATE OR DELETE,ENABLED
CORE_TABLES,TRG_REQUISITIONS,CORE_TABLES,REQUISITIONS,BEFORE EACH ROW,INSERT OR UPDATE OR DELETE,ENABLED
CORE_TABLES,TRG_USER_PREF,CORE_TABLES,USER_PREF,BEFORE EACH ROW,INSERT OR UPDATE OR DELETE,ENABLED
GLOBALEYE,ADM_VARIABLE_TRG,GLOBALEYE,ADM_VARIABLE,BEFORE EACH ROW,INSERT OR UPDATE OR DELETE,ENABLED
GLOBALEYE,ASSET_TRG,GLOBALEYE,ASSET,BEFORE EACH ROW,INSERT OR UPDATE OR DELETE,ENABLED
GLOBALEYE,ASSET_HIST_TRG,GLOBALEYE,ASSET_HIST,BEFORE EACH ROW,INSERT OR UPDATE OR DELETE,ENABLED
GLOBALEYE,ASSET_INSPECTION_TRG,GLOBALEYE,ASSET_INSPECTION,BEFORE EACH ROW,INSERT OR UPDATE OR DELETE,ENABLED
GLOBALEYE,ASSET_VERIFY_TRG,GLOBALEYE,ASSET_VERIFY,BEFORE EACH ROW,INSERT OR UPDATE OR DELETE,ENABLED
GLOBALEYE,ATE_CAP_TRG,GLOBALEYE,ATE_CAP,BEFORE EACH ROW,INSERT OR UPDATE OR DELETE,ENABLED
GLOBALEYE,ATE_CAP_BUILD_TRG,GLOBALEYE,ATE_CAP_BUILD,BEFORE EACH ROW,INSERT OR UPDATE OR DELETE,ENABLED
GLOBALEYE,ATE_CAP_BUILD_HIST_TRG,GLOBALEYE,ATE_CAP_BUILD_HIST,BEFORE EACH ROW,INSERT OR UPDATE OR DELETE,ENABLED
GLOBALEYE,ATE_CAP_CFG_TRG,GLOBALEYE,ATE_CAP_CFG,BEFORE EACH ROW,INSERT OR UPDATE OR DELETE,ENABLED
GLOBALEYE,ATE_CAP_CFG_HIST_TRG,GLOBALEYE,ATE_CAP_CFG_HIST,BEFORE EACH ROW,INSERT OR UPDATE OR DELETE,ENABLED
GLOBALEYE,ATE_CAP_MATRIX_TRG,GLOBALEYE,ATE_CAP_MATRIX,BEFORE EACH ROW,INSERT OR UPDATE OR DELETE,ENABLED
GLOBALEYE,ATE_JOB_STANDARD_TRG,GLOBALEYE,ATE_JOB_STANDARD,BEFORE EACH ROW,INSERT OR UPDATE OR DELETE,ENABLED
GLOBALEYE,ATE_STATION_TRG,GLOBALEYE,ATE_STATION,BEFORE EACH ROW,INSERT OR UPDATE OR DELETE,ENABLED
GLOBALEYE,ATE_STATION_HIST_TRG,GLOBALEYE,ATE_STATION_HIST,BEFORE EACH ROW,INSERT OR UPDATE OR DELETE,ENABLED
GLOBALEYE,ATE_TRU_TRG,GLOBALEYE,ATE_TRU,BEFORE EACH ROW,INSERT OR UPDATE OR DELETE,ENABLED
GLOBALEYE,ATE_TRU_BUILD_TRG,GLOBALEYE,ATE_TRU_BUILD,BEFORE EACH ROW,INSERT OR UPDATE OR DELETE,ENABLED
GLOBALEYE,ATE_TRU_BUILD_HIST_TRG,GLOBALEYE,ATE_TRU_BUILD_HIST,BEFORE EACH ROW,INSERT OR UPDATE OR DELETE,ENABLED
GLOBALEYE,ATE_TRU_CFG_TRG,GLOBALEYE,ATE_TRU_CFG,BEFORE EACH ROW,INSERT OR UPDATE OR DELETE,ENABLED
GLOBALEYE,ATE_TRU_CFG_HIST_TRG,GLOBALEYE,ATE_TRU_CFG_HIST,BEFORE EACH ROW,INSERT OR UPDATE OR DELETE,ENABLED
GLOBALEYE,ATE_TRU_MATRIX_TRG,GLOBALEYE,ATE_TRU_MATRIX,BEFORE EACH ROW,INSERT OR UPDATE OR DELETE,ENABLED
GLOBALEYE,ATE_TRU_REM_TRG,GLOBALEYE,ATE_TRU_REM,BEFORE EACH ROW,INSERT OR UPDATE OR DELETE,ENABLED
GLOBALEYE,ATE_TRU_REM_HIST_TRG,GLOBALEYE,ATE_TRU_REM_HIST,BEFORE EACH ROW,INSERT OR UPDATE OR DELETE,ENABLED
GLOBALEYE,ATTACHMENTS_TRG,GLOBALEYE,ATTACHMENTS,BEFORE EACH ROW,INSERT OR UPDATE OR DELETE,ENABLED
GLOBALEYE,BAD_ACTOR_TRG,GLOBALEYE,BAD_ACTOR,BEFORE EACH ROW,INSERT OR UPDATE OR DELETE,ENABLED
GLOBALEYE,CFG_LIST_TRG,GLOBALEYE,CFG_LIST,BEFORE EACH ROW,INSERT OR UPDATE OR DELETE,ENABLED
GLOBALEYE,CFG_SET_TRG,GLOBALEYE,CFG_SET,BEFORE EACH ROW,INSERT OR UPDATE OR DELETE,ENABLED
GLOBALEYE,CODE_TRG,GLOBALEYE,CODE,BEFORE EACH ROW,INSERT OR UPDATE OR DELETE,ENABLED
GLOBALEYE,CODE_BY_CODE_TRG,GLOBALEYE,CODE_BY_CODE,BEFORE EACH ROW,INSERT OR UPDATE OR DELETE,ENABLED
GLOBALEYE,CODE_BY_LOC_TRG,GLOBALEYE,CODE_BY_LOC,BEFORE EACH ROW,INSERT OR UPDATE OR DELETE,ENABLED
GLOBALEYE,CODE_GROUP_TRG,GLOBALEYE,CODE_GROUP,BEFORE EACH ROW,INSERT OR UPDATE OR DELETE,ENABLED
GLOBALEYE,CODE_MT_TRG,GLOBALEYE,CODE_MT,BEFORE EACH ROW,INSERT OR UPDATE OR DELETE,ENABLED
GLOBALEYE,EVENT_TRG,GLOBALEYE,EVENT,BEFORE EACH ROW,INSERT OR UPDATE OR DELETE,ENABLED
GLOBALEYE,EVENT_EXTRA_TRG,GLOBALEYE,EVENT_EXTRA,BEFORE EACH ROW,INSERT OR UPDATE OR DELETE,ENABLED
GLOBALEYE,EVENT_HIST_TRG,GLOBALEYE,EVENT_HIST,BEFORE EACH ROW,INSERT OR UPDATE OR DELETE,ENABLED
GLOBALEYE,FAQ_TRG,GLOBALEYE,FAQ,BEFORE EACH ROW,INSERT OR UPDATE OR DELETE,ENABLED
GLOBALEYE,IMDS_ERROR_LOG_TRG,GLOBALEYE,IMDS_ERROR_LOG,BEFORE EACH ROW,INSERT OR UPDATE OR DELETE,ENABLED
GLOBALEYE,LABOR_TRG,GLOBALEYE,LABOR,BEFORE EACH ROW,INSERT OR UPDATE OR DELETE,ENABLED
GLOBALEYE,LABOR_BIT_PC_TRG,GLOBALEYE,LABOR_BIT_PC,BEFORE EACH ROW,INSERT OR UPDATE OR DELETE,ENABLED
GLOBALEYE,LABOR_CREW_TRG,GLOBALEYE,LABOR_CREW,BEFORE EACH ROW,INSERT OR UPDATE OR DELETE,ENABLED
GLOBALEYE,LABOR_HIST_TRG,GLOBALEYE,LABOR_HIST,BEFORE EACH ROW,INSERT OR UPDATE OR DELETE,ENABLED
GLOBALEYE,LABOR_PART_TRG,GLOBALEYE,LABOR_PART,BEFORE EACH ROW,INSERT OR UPDATE OR DELETE,ENABLED
GLOBALEYE,LABOR_STATUS_TRG,GLOBALEYE,LABOR_STATUS,BEFORE EACH ROW,INSERT OR UPDATE OR DELETE,ENABLED
GLOBALEYE,LABOR_STATUS_DEL_TRG,GLOBALEYE,LABOR_STATUS_DEL,BEFORE EACH ROW,INSERT OR UPDATE OR DELETE,ENABLED
GLOBALEYE,LOCATION_TRG,GLOBALEYE,LOCATION,BEFORE EACH ROW,INSERT OR UPDATE OR DELETE,ENABLED
GLOBALEYE,LOCATION_HIST_GE_TRG,GLOBALEYE,LOCATION_HIST_GE,BEFORE EACH ROW,INSERT OR UPDATE OR DELETE,ENABLED
GLOBALEYE,LOC_BY_LOC_TRG,GLOBALEYE,LOC_BY_LOC,BEFORE EACH ROW,INSERT OR UPDATE OR DELETE,ENABLED
GLOBALEYE,LOC_SET_TRG,GLOBALEYE,LOC_SET,BEFORE EACH ROW,INSERT OR UPDATE OR DELETE,ENABLED
GLOBALEYE,LOGISTICS_TRG,GLOBALEYE,LOGISTICS,BEFORE EACH ROW,INSERT OR UPDATE OR DELETE,ENABLED
GLOBALEYE,METER_HIST_TRG,GLOBALEYE,METER_HIST,BEFORE EACH ROW,INSERT OR UPDATE OR DELETE,ENABLED
GLOBALEYE,METRICS_TRACK_TRG,GLOBALEYE,METRICS_TRACK,BEFORE EACH ROW,INSERT OR UPDATE OR DELETE,ENABLED
GLOBALEYE,METRICS_TRACK_HIST_TRG,GLOBALEYE,METRICS_TRACK_HIST,BEFORE EACH ROW,INSERT OR UPDATE OR DELETE,ENABLED
GLOBALEYE,MSG_TRANSMIT_TRG,GLOBALEYE,MSG_TRANSMIT,BEFORE EACH ROW,INSERT OR UPDATE OR DELETE,ENABLED
GLOBALEYE,PARTNO_CODE_TRG,GLOBALEYE,PARTNO_CODE,BEFORE EACH ROW,INSERT,ENABLED
GLOBALEYE,PARTNO_CODE_DAILY_TRG,GLOBALEYE,PARTNO_CODE_DAILY,BEFORE EACH ROW,INSERT OR UPDATE OR DELETE,ENABLED
GLOBALEYE,PARTNO_FFF_TRG,GLOBALEYE,PARTNO_FFF,BEFORE EACH ROW,INSERT,ENABLED
GLOBALEYE,PARTNO_WUC_TRG,GLOBALEYE,PARTNO_WUC,BEFORE EACH ROW,INSERT,ENABLED
GLOBALEYE,PARTNO_WUC2_TRG,GLOBALEYE,PARTNO_WUC_P2,BEFORE EACH ROW,INSERT OR UPDATE OR DELETE,ENABLED
GLOBALEYE,PARTNO_WUC_P2_HIST_TRG,GLOBALEYE,PARTNO_WUC_P2_HIST,BEFORE EACH ROW,INSERT OR UPDATE OR DELETE,ENABLED
GLOBALEYE,PART_LIST_TRG,GLOBALEYE,PART_LIST,BEFORE EACH ROW,INSERT OR UPDATE OR DELETE,ENABLED
GLOBALEYE,PART_LIST_HIST_TRG,GLOBALEYE,PART_LIST_HIST,BEFORE EACH ROW,INSERT OR UPDATE OR DELETE,ENABLED
GLOBALEYE,REPAIR_TRG,GLOBALEYE,REPAIR,BEFORE EACH ROW,INSERT OR UPDATE OR DELETE,ENABLED
GLOBALEYE,REPAIR_HIST_TRG,GLOBALEYE,REPAIR_HIST,BEFORE EACH ROW,INSERT OR UPDATE OR DELETE,ENABLED
GLOBALEYE,REPAIR_STATDEL_TRG,GLOBALEYE,REPAIR_STATDEL,BEFORE EACH ROW,INSERT OR UPDATE OR DELETE,ENABLED
GLOBALEYE,REPAIR_STATUS_TRG,GLOBALEYE,REPAIR_STATUS,BEFORE EACH ROW,INSERT OR UPDATE OR DELETE,ENABLED
GLOBALEYE,SF2520_LOG_TRG,GLOBALEYE,SF2520_LOG,BEFORE EACH ROW,INSERT OR UPDATE OR DELETE,ENABLED
GLOBALEYE,SKIL_B1EI_TRG,GLOBALEYE,SKIL_B1_END_ITEMS,BEFORE EACH ROW,INSERT OR UPDATE OR DELETE,ENABLED
GLOBALEYE,SKIL_B1PO_TRG,GLOBALEYE,SKIL_B1_PARTS_ORD,BEFORE EACH ROW,INSERT OR UPDATE OR DELETE,ENABLED
GLOBALEYE,SOFTWARE_TRG,GLOBALEYE,SOFTWARE,BEFORE EACH ROW,INSERT OR UPDATE OR DELETE,ENABLED
GLOBALEYE,SOFTWARE_ASSET_TRG,GLOBALEYE,SOFTWARE_ASSET,BEFORE EACH ROW,INSERT OR UPDATE OR DELETE,ENABLED
GLOBALEYE,SOFTWARE_ASSET_HIST_TRG,GLOBALEYE,SOFTWARE_ASSET_HIST,BEFORE EACH ROW,INSERT OR UPDATE OR DELETE,ENABLED
GLOBALEYE,SORTIES_TRG,GLOBALEYE,SORTIES,BEFORE EACH ROW,INSERT OR UPDATE OR DELETE,ENABLED
GLOBALEYE,SRAN_TRG,GLOBALEYE,SRAN,BEFORE EACH ROW,INSERT OR UPDATE OR DELETE,ENABLED
GLOBALEYE,SRU_ORDER_TRG,GLOBALEYE,SRU_ORDER,BEFORE EACH ROW,INSERT OR UPDATE OR DELETE,ENABLED
GLOBALEYE,SRU_ORDER_HIST_TRG,GLOBALEYE,SRU_ORDER_HIST,BEFORE EACH ROW,INSERT OR UPDATE OR DELETE,ENABLED
GLOBALEYE,SRU_PART_TRG,GLOBALEYE,SRU_PART,BEFORE EACH ROW,INSERT OR UPDATE OR DELETE,ENABLED
GLOBALEYE,TCTO_TRG,GLOBALEYE,TCTO,BEFORE EACH ROW,INSERT OR UPDATE OR DELETE,ENABLED
GLOBALEYE,TCTO_ASSET_TRG,GLOBALEYE,TCTO_ASSET,BEFORE EACH ROW,INSERT OR UPDATE OR DELETE,ENABLED
GLOBALEYE,TEST_FAILED_TRG,GLOBALEYE,TEST_FAILED,BEFORE EACH ROW,INSERT OR UPDATE OR DELETE,ENABLED
GLOBALEYE,TIME_ZONE_OFFSET_TRG,GLOBALEYE,TIME_ZONE_OFFSET,BEFORE EACH ROW,INSERT OR UPDATE OR DELETE,ENABLED
GLOBALEYE,TRANS_LOG_TRG,GLOBALEYE,TRANS_LOG,BEFORE EACH ROW,INSERT OR UPDATE OR DELETE,ENABLED
GLOBALEYE,TRANS_LOG_CONTROL_TRG,GLOBALEYE,TRANS_LOG_CONTROL,BEFORE EACH ROW,INSERT OR UPDATE OR DELETE,ENABLED
GLOBALEYE,TRANS_LOG_HIST_TRG,GLOBALEYE,TRANS_LOG_HIST,BEFORE EACH ROW,INSERT OR UPDATE OR DELETE,ENABLED
GLOBALEYE,TRANS_LOG_PAIRS_TRG,GLOBALEYE,TRANS_LOG_PAIRS,BEFORE EACH ROW,INSERT OR UPDATE OR DELETE,ENABLED
GLOBALEYE,USER_GROUP_TRG,GLOBALEYE,USER_GROUP,BEFORE EACH ROW,INSERT OR UPDATE OR DELETE,ENABLED
GLOBALEYE,VAULT_ASSET_TRG,GLOBALEYE,VAULT_ASSET,BEFORE EACH ROW,INSERT OR UPDATE OR DELETE,ENABLED
HTS,ANOMALY_TRG,HTS,ANOMALY,BEFORE EACH ROW,INSERT OR UPDATE OR DELETE,ENABLED
INVENTORY,TRG_INV_ASSETS,INVENTORY,INV_ASSETS,BEFORE EACH ROW,INSERT OR UPDATE OR DELETE,ENABLED
INVENTORY,TRG_INV_SYSTEMS,INVENTORY,INV_SYSTEMS,BEFORE EACH ROW,INSERT OR UPDATE OR DELETE,ENABLED
INVENTORY,TRG_LU_LOCATIONS,INVENTORY,LU_LOCATIONS,BEFORE EACH ROW,INSERT OR UPDATE OR DELETE,ENABLED
LANTIRN,HOLD_BIT_TRG,LANTIRN,HOLD_BIT,BEFORE EACH ROW,INSERT,ENABLED
LANTIRN,HOLD_DDR_TRG,LANTIRN,HOLD_DDR,BEFORE EACH ROW,INSERT,ENABLED
LANTIRN,HOLD_EVENT_TRG,LANTIRN,HOLD_EVENT,BEFORE EACH ROW,INSERT,ENABLED
LANTIRN,HOLD_INV_TRG,LANTIRN,HOLD_INV,BEFORE EACH ROW,INSERT,ENABLED
LANTIRN,HOLD_METERS_TRG,LANTIRN,HOLD_METERS,BEFORE EACH ROW,INSERT,ENABLED
LANTIRN,HOLD_PARTS_TRG,LANTIRN,HOLD_PARTS,BEFORE EACH ROW,INSERT,ENABLED
LANTIRN,HOLD_WCE_TRG,LANTIRN,HOLD_WCE,BEFORE EACH ROW,INSERT,ENABLED
LANTIRN,LAN_PARTS_DICT_TRG,LANTIRN,LAN_PARTS_DICT,BEFORE EACH ROW,INSERT,ENABLED
LANTIRN,LSD_AUDIT_TRG,LANTIRN,LSD_AUDIT,BEFORE EACH ROW,INSERT,ENABLED
LANTIRN,LSD_BIT_TRG,LANTIRN,LSD_BIT,BEFORE EACH ROW,INSERT,ENABLED
LANTIRN,LSD_BIT_DETAIL_TRG,LANTIRN,LSD_BIT_DETAIL,BEFORE EACH ROW,INSERT,ENABLED
LANTIRN,LSD_DDR_TRG,LANTIRN,LSD_DDR,BEFORE EACH ROW,INSERT,ENABLED
LANTIRN,EDW_EXPORT_4LAN_TRG,LANTIRN,LSD_DDR_DETAIL,BEFORE EACH ROW,INSERT OR UPDATE OR DELETE,ENABLED
LANTIRN,LSD_DDR_DETAIL_TRG,LANTIRN,LSD_DDR_DETAIL,BEFORE EACH ROW,INSERT OR UPDATE OR DELETE,ENABLED
LANTIRN,LSD_DDR_DETAIL_TRG_PRE073007,LANTIRN,LSD_DDR_DETAIL,BEFORE EACH ROW,INSERT OR UPDATE,DISABLED
LANTIRN,LSD_DDR_HIST_TRG,LANTIRN,LSD_DDR_HIST,BEFORE EACH ROW,INSERT OR UPDATE OR DELETE,ENABLED
LANTIRN,LSD_DEPOT_EVENT_TRG,LANTIRN,LSD_DEPOT_EVENT,BEFORE EACH ROW,INSERT,ENABLED
LANTIRN,LSD_EVENT_TRG,LANTIRN,LSD_EVENT,BEFORE EACH ROW,INSERT,ENABLED
LANTIRN,LSD_EVENT_DETAIL_TRG,LANTIRN,LSD_EVENT_DETAIL,BEFORE EACH ROW,INSERT OR UPDATE,ENABLED
LANTIRN,LSD_INV_TRG,LANTIRN,LSD_INV,BEFORE EACH ROW,INSERT,ENABLED
LANTIRN,LSD_INV_DETAIL_TRG,LANTIRN,LSD_INV_DETAIL,BEFORE EACH ROW,INSERT,ENABLED
LANTIRN,LSD_INV_OFFICIAL_TRG,LANTIRN,LSD_INV_OFFICIAL,BEFORE EACH ROW,INSERT,ENABLED
LANTIRN,LSD_LRUCONFIG_TRG,LANTIRN,LSD_LRUCONFIG,BEFORE EACH ROW,INSERT,ENABLED
LANTIRN,LSD_METERS_TRG,LANTIRN,LSD_METERS,BEFORE EACH ROW,INSERT,ENABLED
LANTIRN,LSD_METERS_DETAIL_TRG,LANTIRN,LSD_METERS_DETAIL,BEFORE EACH ROW,INSERT OR UPDATE,ENABLED
LANTIRN,TRG_METERS_DETAIL,LANTIRN,LSD_METERS_DETAIL,BEFORE EACH ROW,INSERT,ENABLED
LANTIRN,LSD_PARTS_TRG,LANTIRN,LSD_PARTS,BEFORE EACH ROW,INSERT,ENABLED
LANTIRN,LSD_PARTS_DETAIL_TRG,LANTIRN,LSD_PARTS_DETAIL,BEFORE EACH ROW,INSERT OR UPDATE OR DELETE,ENABLED
LANTIRN,LSD_WCE_TRG,LANTIRN,LSD_WCE,BEFORE EACH ROW,INSERT,ENABLED
LANTIRN,LSD_WCE_DETAIL_TRG,LANTIRN,LSD_WCE_DETAIL,BEFORE EACH ROW,INSERT OR UPDATE OR DELETE,ENABLED
LANTIRN,LSD_WCE_HIST_TRG,LANTIRN,LSD_WCE_HIST,BEFORE EACH ROW,INSERT OR UPDATE OR DELETE,ENABLED
LANTIRN,METERS_TRG,LANTIRN,METERS,BEFORE EACH ROW,INSERT,ENABLED
LANTIRN,QUICK_DDR_TRG,LANTIRN,QUICK_DDR,BEFORE EACH ROW,INSERT,ENABLED
LANTIRN,QUICK_EVENT_TRG,LANTIRN,QUICK_EVENT,BEFORE EACH ROW,INSERT,ENABLED
LANTIRN,QUICK_PARTS_TRG,LANTIRN,QUICK_PARTS,BEFORE EACH ROW,INSERT,ENABLED
LANTIRN,QUICK_WCE_TRG,LANTIRN,QUICK_WCE,BEFORE EACH ROW,INSERT,ENABLED
LANTIRN,TRANSFER_LOG_TRG,LANTIRN,TRANSFER_LOG,BEFORE EACH ROW,INSERT,ENABLED
RAMPODV3,ASBUILT184_RPT_TRG,RAMPODV3,ASBUILT184_RPT,BEFORE EACH ROW,INSERT,ENABLED
RAMPODV3,ASBUILT_184_TRG,RAMPODV3,ASBUILT_184,BEFORE EACH ROW,INSERT,ENABLED
RAMPODV3,ASBUILT_SOURCE_TRG,RAMPODV3,ASBUILT_SOURCE,BEFORE EACH ROW,INSERT,ENABLED
RAMPODV3,ASBUILT_SRU_184_TRG,RAMPODV3,ASBUILT_SRU_184,BEFORE EACH ROW,INSERT,ENABLED
RAMPODV3,ASCONFIG131_RPT_TRG,RAMPODV3,ASCONFIG131_RPT,BEFORE EACH ROW,INSERT,ENABLED
RAMPODV3,ASCONFIG184_RPT_TRG,RAMPODV3,ASCONFIG184_RPT,BEFORE EACH ROW,INSERT,ENABLED
RAMPODV3,AWAITING_DET_TRG,RAMPODV3,AWAITING_DET,BEFORE EACH ROW,INSERT,ENABLED
RAMPODV3,AWAITING_SOURCE_TRG,RAMPODV3,AWAITING_SOURCE,BEFORE EACH ROW,INSERT,ENABLED
RAMPODV3,BASE_DET_TRG,RAMPODV3,BASE_DET,BEFORE EACH ROW,INSERT,ENABLED
RAMPODV3,BASE_DET_HIST_TRG,RAMPODV3,BASE_DET_HIST,BEFORE EACH ROW,INSERT,ENABLED
RAMPODV3,AUS_BASE_SOURCE,RAMPODV3,BASE_SOURCE,BEFORE EACH ROW,UPDATE,ENABLED
RAMPODV3,BASE_SOURCE_TRG,RAMPODV3,BASE_SOURCE,BEFORE EACH ROW,INSERT,ENABLED
RAMPODV3,BASE_TEMP_TRG,RAMPODV3,BASE_TEMP,BEFORE EACH ROW,INSERT,ENABLED
RAMPODV3,CORR_DET_TRG,RAMPODV3,CORR_DET,BEFORE EACH ROW,INSERT,ENABLED
RAMPODV3,EDW_EXPORT_TRG,RAMPODV3,CORR_DET,BEFORE EACH ROW,INSERT OR UPDATE OR DELETE,ENABLED
RAMPODV3,CORR_DET_HIST_TRG,RAMPODV3,CORR_DET_HIST,BEFORE EACH ROW,INSERT,ENABLED
RAMPODV3,CORR_SOURCE_TRG,RAMPODV3,CORR_SOURCE,BEFORE EACH ROW,INSERT,ENABLED
RAMPODV3,CORR_SOURCE_TMP_TRG,RAMPODV3,CORR_SOURCE_TMP,BEFORE EACH ROW,INSERT,ENABLED
RAMPODV3,CORR_TEMP_TRG,RAMPODV3,CORR_TEMP,BEFORE EACH ROW,INSERT,ENABLED
RAMPODV3,CRANE_TEMP_TRG,RAMPODV3,CRANE_TEMP,BEFORE EACH ROW,INSERT,ENABLED
RAMPODV3,CURSYS_INVENTORY_TRIMMER,RAMPODV3,CURSYS_INVENTORY,BEFORE EACH ROW,INSERT OR UPDATE,ENABLED
RAMPODV3,CURSYS_INVENTORY_3201_TRG,RAMPODV3,CURSYS_INVENTORY_3201,BEFORE EACH ROW,INSERT,ENABLED
RAMPODV3,CURSYS_INVENTORY_BACKUP_TRG,RAMPODV3,CURSYS_INVENTORY_BACKUP,BEFORE EACH ROW,INSERT,ENABLED
RAMPODV3,DELTACUM_131I_TRG,RAMPODV3,DELTACUM_131I,BEFORE EACH ROW,INSERT,ENABLED
RAMPODV3,DELTACUM_131II_TRG,RAMPODV3,DELTACUM_131II,BEFORE EACH ROW,INSERT,ENABLED
RAMPODV3,DELTACUM_131I_HIST_TRG,RAMPODV3,DELTACUM_131I_HIST,BEFORE EACH ROW,INSERT,ENABLED
RAMPODV3,DELTACUM_184_TRG,RAMPODV3,DELTACUM_184,BEFORE EACH ROW,INSERT,ENABLED
RAMPODV3,DEPOT_DCS_TRG,RAMPODV3,DEPOT_DCS,BEFORE EACH ROW,INSERT,ENABLED
RAMPODV3,DISC_DET_TRG,RAMPODV3,DISC_DET,BEFORE EACH ROW,INSERT,ENABLED
RAMPODV3,DISC_DET_HIST_TRG,RAMPODV3,DISC_DET_HIST,BEFORE EACH ROW,INSERT,ENABLED
RAMPODV3,DISC_SOURCE_TRG,RAMPODV3,DISC_SOURCE,BEFORE EACH ROW,INSERT,ENABLED
RAMPODV3,DISC_TEMP_TRG,RAMPODV3,DISC_TEMP,BEFORE EACH ROW,INSERT,ENABLED
RAMPODV3,D_BASE_DET_TRG,RAMPODV3,D_BASE_DET,BEFORE EACH ROW,INSERT,ENABLED
RAMPODV3,D_BASE_SOURCE_TRG,RAMPODV3,D_BASE_SOURCE,BEFORE EACH ROW,INSERT,ENABLED
RAMPODV3,D_CORR_DET_TRG,RAMPODV3,D_CORR_DET,BEFORE EACH ROW,INSERT,ENABLED
RAMPODV3,D_CORR_SOURCE_TRG,RAMPODV3,D_CORR_SOURCE,BEFORE EACH ROW,INSERT,ENABLED
RAMPODV3,D_DISC_DET_TRG,RAMPODV3,D_DISC_DET,BEFORE EACH ROW,INSERT,ENABLED
RAMPODV3,D_DISC_SOURCE_TRG,RAMPODV3,D_DISC_SOURCE,BEFORE EACH ROW,INSERT,ENABLED
RAMPODV3,D_FAIL_TYPE_DET_TRG,RAMPODV3,D_FAIL_TYPE_DET,BEFORE EACH ROW,INSERT,ENABLED
RAMPODV3,D_FAIL_TYPE_SOURCE_TRG,RAMPODV3,D_FAIL_TYPE_SOURCE,BEFORE EACH ROW,INSERT,ENABLED
RAMPODV3,D_REMOVAL_DET_TRG,RAMPODV3,D_REMOVAL_DET,BEFORE EACH ROW,INSERT,ENABLED
RAMPODV3,D_REMOVAL_SOURCE_TRG,RAMPODV3,D_REMOVAL_SOURCE,BEFORE EACH ROW,INSERT,ENABLED
RAMPODV3,D_RMRK_DET_TRG,RAMPODV3,D_RMRK_DET,BEFORE EACH ROW,INSERT,ENABLED
RAMPODV3,D_RMRK_SOURCE_TRG,RAMPODV3,D_RMRK_SOURCE,BEFORE EACH ROW,INSERT,ENABLED
RAMPODV3,EVENT_ID_MAP_TRG,RAMPODV3,EVENT_ID_MAP,BEFORE EACH ROW,INSERT,ENABLED
RAMPODV3,FAIL_DESCR_TRG,RAMPODV3,FAIL_DESCR,BEFORE EACH ROW,INSERT,ENABLED
RAMPODV3,FAIL_TYPE_DET_TRG,RAMPODV3,FAIL_TYPE_DET,BEFORE EACH ROW,INSERT,ENABLED
RAMPODV3,FAIL_TYPE_DET_HIST_TRG,RAMPODV3,FAIL_TYPE_DET_HIST,BEFORE EACH ROW,INSERT,ENABLED
RAMPODV3,FAIL_TYPE_SOURCE_TRG,RAMPODV3,FAIL_TYPE_SOURCE,BEFORE EACH ROW,INSERT,ENABLED
RAMPODV3,HISTCONFIG131_RPT_TRG,RAMPODV3,HISTCONFIG131_RPT,BEFORE EACH ROW,INSERT,ENABLED
RAMPODV3,HISTCONFIG184_RPT_TRG,RAMPODV3,HISTCONFIG184_RPT,BEFORE EACH ROW,INSERT,ENABLED
RAMPODV3,INV_SN_TRG,RAMPODV3,INV_SN,BEFORE EACH ROW,INSERT,ENABLED
RAMPODV3,INV_STAT_SUM_TRG,RAMPODV3,INV_STAT_SUM,BEFORE EACH ROW,INSERT,ENABLED
RAMPODV3,IO_DEVICE_TRG,RAMPODV3,IO_DEVICE,BEFORE EACH ROW,INSERT,ENABLED
RAMPODV3,LOOKUP_ASBUILT_TRG,RAMPODV3,LOOKUP_ASBUILT,BEFORE EACH ROW,INSERT,ENABLED
RAMPODV3,LOOKUP_CODES_TRG,RAMPODV3,LOOKUP_CODES,BEFORE EACH ROW,INSERT,ENABLED
RAMPODV3,LOOKUP_CONF_INTERVAL_TRG,RAMPODV3,LOOKUP_CONF_INTERVAL,BEFORE EACH ROW,INSERT,ENABLED
RAMPODV3,LOOKUP_DATA_SOURCE_TRG,RAMPODV3,LOOKUP_DATA_SOURCE,BEFORE EACH ROW,INSERT,ENABLED
RAMPODV3,LOOKUP_DOWNLOAD_TRG,RAMPODV3,LOOKUP_DOWNLOAD,BEFORE EACH ROW,INSERT,ENABLED
RAMPODV3,LOOKUP_FMECA_TRG,RAMPODV3,LOOKUP_FMECA,BEFORE EACH ROW,INSERT,ENABLED
RAMPODV3,LOOKUP_MDS_TRG,RAMPODV3,LOOKUP_MDS,BEFORE EACH ROW,INSERT,ENABLED
RAMPODV3,LOOKUP_MET_CODE_TRG,RAMPODV3,LOOKUP_MET_CODE,BEFORE EACH ROW,INSERT,ENABLED
RAMPODV3,LOOKUP_MOD_TRG,RAMPODV3,LOOKUP_MOD,BEFORE EACH ROW,INSERT,ENABLED
RAMPODV3,LOOKUP_NSNNOUN_TRG,RAMPODV3,LOOKUP_NSNNOUN,BEFORE EACH ROW,INSERT,ENABLED
RAMPODV3,LOOKUP_PMI_TRG,RAMPODV3,LOOKUP_PMI,BEFORE EACH ROW,INSERT,ENABLED
RAMPODV3,LOOKUP_QTR_YM_TRG,RAMPODV3,LOOKUP_QTR_YM,BEFORE EACH ROW,INSERT,ENABLED
RAMPODV3,LOOKUP_SOURCE_TRG,RAMPODV3,LOOKUP_SOURCE,BEFORE EACH ROW,INSERT,ENABLED
RAMPODV3,LOOKUP_SOURCE_FIELDS_TRG,RAMPODV3,LOOKUP_SOURCE_FIELDS,BEFORE EACH ROW,INSERT,ENABLED
RAMPODV3,LOOKUP_TESTLIMIT_TRG,RAMPODV3,LOOKUP_TESTLIMIT,BEFORE EACH ROW,INSERT,ENABLED
RAMPODV3,LOOKUP_TESTSEQ_TRG,RAMPODV3,LOOKUP_TESTSEQ,BEFORE EACH ROW,INSERT,ENABLED
RAMPODV3,LOOKUP_TWTCODE_TRG,RAMPODV3,LOOKUP_TWTCODE,BEFORE EACH ROW,INSERT,ENABLED
RAMPODV3,LOOKUP_TWTNOUN_TRG,RAMPODV3,LOOKUP_TWTNOUN,BEFORE EACH ROW,INSERT,ENABLED
RAMPODV3,LOOKUP_TWTTEMP_TRG,RAMPODV3,LOOKUP_TWTTEMP,BEFORE EACH ROW,INSERT,ENABLED
RAMPODV3,LOOKUP_WUC_TRG,RAMPODV3,LOOKUP_WUC,BEFORE EACH ROW,INSERT,ENABLED
RAMPODV3,MAIL_MESSAGE_TRG,RAMPODV3,MAIL_MESSAGE,BEFORE EACH ROW,INSERT,ENABLED
RAMPODV3,MAINTCUM_131I_TRG,RAMPODV3,MAINTCUM_131I,BEFORE EACH ROW,INSERT,ENABLED
RAMPODV3,MAINTCUM_131II_TRG,RAMPODV3,MAINTCUM_131II,BEFORE EACH ROW,INSERT,ENABLED
RAMPODV3,MAINTCUM_131I_HIST_TRG,RAMPODV3,MAINTCUM_131I_HIST,BEFORE EACH ROW,INSERT,ENABLED
RAMPODV3,MAINTCUM_184_TRG,RAMPODV3,MAINTCUM_184,BEFORE EACH ROW,INSERT,ENABLED
RAMPODV3,MDSMETQTR131_RPT_TRG,RAMPODV3,MDSMETQTR131_RPT,BEFORE EACH ROW,INSERT,ENABLED
RAMPODV3,MDSMETQTR184_RPT_TRG,RAMPODV3,MDSMETQTR184_RPT,BEFORE EACH ROW,INSERT,ENABLED
RAMPODV3,METER_DET_TRG,RAMPODV3,METER_DET,BEFORE EACH ROW,INSERT,ENABLED
RAMPODV3,METER_DET_HIST_TRG,RAMPODV3,METER_DET_HIST,BEFORE EACH ROW,INSERT,ENABLED
RAMPODV3,METER_SOURCE_TRG,RAMPODV3,METER_SOURCE,BEFORE EACH ROW,INSERT,ENABLED
RAMPODV3,METER_TEMP_TRG,RAMPODV3,METER_TEMP,BEFORE EACH ROW,INSERT,ENABLED
RAMPODV3,OWNER_IDICT_TRG,RAMPODV3,OWNER_IDICT,BEFORE EACH ROW,INSERT,ENABLED
RAMPODV3,PARTS131_DICT_TRG,RAMPODV3,PARTS131_DICT,BEFORE EACH ROW,INSERT,ENABLED
RAMPODV3,PARTS184_DICT_TRG,RAMPODV3,PARTS184_DICT,BEFORE EACH ROW,INSERT,ENABLED
RAMPODV3,PART_FAIL_TRG,RAMPODV3,PART_FAIL,BEFORE EACH ROW,INSERT,ENABLED
RAMPODV3,POD_BA_LIMIT_TRG,RAMPODV3,POD_BA_LIMIT,BEFORE EACH ROW,INSERT,ENABLED
RAMPODV3,POD_INV_HIST_TRG,RAMPODV3,POD_INV_HIST,BEFORE EACH ROW,INSERT,ENABLED
RAMPODV3,POD_SRU_MET_131I_TRG,RAMPODV3,POD_SRU_MET_131I,BEFORE EACH ROW,INSERT,ENABLED
RAMPODV3,POD_SRU_MET_131II_TRG,RAMPODV3,POD_SRU_MET_131II,BEFORE EACH ROW,INSERT,ENABLED
RAMPODV3,POD_SRU_MET_184_TRG,RAMPODV3,POD_SRU_MET_184,BEFORE EACH ROW,INSERT,ENABLED
RAMPODV3,QPPMAX_DICT_TRG,RAMPODV3,QPPMAX_DICT,BEFORE EACH ROW,INSERT,ENABLED
RAMPODV3,REFDES_COL_TRG,RAMPODV3,REFDES_COL,BEFORE EACH ROW,INSERT,ENABLED
RAMPODV3,REMOVAL_DET_TRG,RAMPODV3,REMOVAL_DET,BEFORE EACH ROW,INSERT,ENABLED
RAMPODV3,REMOVAL_DET_HIST_TRG,RAMPODV3,REMOVAL_DET_HIST,BEFORE EACH ROW,INSERT,ENABLED
RAMPODV3,REMOVAL_SOURCE_TRG,RAMPODV3,REMOVAL_SOURCE,BEFORE EACH ROW,INSERT,ENABLED
RAMPODV3,REMOVAL_TEMP_TRG,RAMPODV3,REMOVAL_TEMP,BEFORE EACH ROW,INSERT,ENABLED
RAMPODV3,RMRK_DET_TRG,RAMPODV3,RMRK_DET,BEFORE EACH ROW,INSERT,ENABLED
RAMPODV3,RMRK_DET_HIST_TRG,RAMPODV3,RMRK_DET_HIST,BEFORE EACH ROW,INSERT,ENABLED
RAMPODV3,RMRK_FAIL_TRG,RAMPODV3,RMRK_FAIL,BEFORE EACH ROW,INSERT,ENABLED
RAMPODV3,RMRK_SOURCE_TRG,RAMPODV3,RMRK_SOURCE,BEFORE EACH ROW,INSERT,ENABLED
RAMPODV3,SNAPDET_EVENTS_LIST_TRG,RAMPODV3,SNAPDET_EVENTS_LIST,BEFORE EACH ROW,INSERT,ENABLED
RAMPODV3,SNMET131_RPT_TRG,RAMPODV3,SNMET131_RPT,BEFORE EACH ROW,INSERT,ENABLED
RAMPODV3,SNMET184_RPT_TRG,RAMPODV3,SNMET184_RPT,BEFORE EACH ROW,INSERT,ENABLED
RAMPODV3,SNMETQTR131_RPT_TRG,RAMPODV3,SNMETQTR131_RPT,BEFORE EACH ROW,INSERT,ENABLED
RAMPODV3,SNMETQTR184_RPT_TRG,RAMPODV3,SNMETQTR184_RPT,BEFORE EACH ROW,INSERT,ENABLED
RAMPODV3,SN_MET_EVENTS_TRG,RAMPODV3,SN_MET_EVENTS,BEFORE EACH ROW,INSERT,ENABLED
RAMPODV3,SPCPOD131_RPT_TRG,RAMPODV3,SPCPOD131_RPT,BEFORE EACH ROW,INSERT,ENABLED
RAMPODV3,SPCPOD184_RPT_TRG,RAMPODV3,SPCPOD184_RPT,BEFORE EACH ROW,INSERT,ENABLED
RAMPODV3,SPCSRU131_RPT_TRG,RAMPODV3,SPCSRU131_RPT,BEFORE EACH ROW,INSERT,ENABLED
RAMPODV3,SPCSRU184_RPT_TRG,RAMPODV3,SPCSRU184_RPT,BEFORE EACH ROW,INSERT,ENABLED
RAMPODV3,SRU131_BA_LIMIT_TRG,RAMPODV3,SRU131_BA_LIMIT,BEFORE EACH ROW,INSERT,ENABLED
RAMPODV3,SRU184_BA_LIMIT_TRG,RAMPODV3,SRU184_BA_LIMIT,BEFORE EACH ROW,INSERT,ENABLED
RAMPODV3,SRUMET131_RPT_TRG,RAMPODV3,SRUMET131_RPT,BEFORE EACH ROW,INSERT,ENABLED
RAMPODV3,SRUMET184_RPT_TRG,RAMPODV3,SRUMET184_RPT,BEFORE EACH ROW,INSERT,ENABLED
RAMPODV3,SRURPR184_RPT_TRG,RAMPODV3,SRURPR184_RPT,BEFORE EACH ROW,INSERT,ENABLED
RAMPODV3,SRU_HIST_131I_TRG,RAMPODV3,SRU_HIST_131I,BEFORE EACH ROW,INSERT,ENABLED
RAMPODV3,SRU_HIST_131II_TRG,RAMPODV3,SRU_HIST_131II,BEFORE EACH ROW,INSERT,ENABLED
RAMPODV3,SRU_HIST_184_TRG,RAMPODV3,SRU_HIST_184,BEFORE EACH ROW,INSERT,ENABLED
RAMPODV3,SWANUSERS_TRG,RAMPODV3,SWANUSERS,BEFORE EACH ROW,INSERT,ENABLED
RAMPODV3,SYMPTOM_FAIL_TRG,RAMPODV3,SYMPTOM_FAIL,BEFORE EACH ROW,INSERT,ENABLED
RAMPODV3,SYSID_DICT_TRG,RAMPODV3,SYSID_DICT,BEFORE EACH ROW,INSERT,ENABLED
RAMPODV3,SYSTEM_EVENTS_TRG,RAMPODV3,SYSTEM_EVENTS,BEFORE EACH ROW,INSERT,ENABLED
RAMPODV3,SYSTEM_NOMEN_TRG,RAMPODV3,SYSTEM_NOMEN,BEFORE EACH ROW,INSERT,ENABLED
RAMPODV3,TEST_DET_TRG,RAMPODV3,TEST_DET,BEFORE EACH ROW,INSERT,ENABLED
RAMPODV3,TEST_DET_HIST_TRG,RAMPODV3,TEST_DET_HIST,BEFORE EACH ROW,INSERT,ENABLED
RAMPODV3,TEST_SOURCE_TRG,RAMPODV3,TEST_SOURCE,BEFORE EACH ROW,INSERT,ENABLED
RAMPODV3,TS_EVENT_ID_MAP_TRG,RAMPODV3,TS_EVENT_ID_MAP,BEFORE EACH ROW,INSERT,ENABLED
RAMPODV3,TWT_BASE_DET_TRG,RAMPODV3,TWT_BASE_DET,BEFORE EACH ROW,INSERT,ENABLED
RAMPODV3,TWT_BASE_SOURCE_TRG,RAMPODV3,TWT_BASE_SOURCE,BEFORE EACH ROW,INSERT,ENABLED
RAMPODV3,TWT_CODE_TRG,RAMPODV3,TWT_CODE,BEFORE EACH ROW,INSERT,ENABLED
RAMPODV3,TWT_DICT_TRG,RAMPODV3,TWT_DICT,BEFORE EACH ROW,INSERT,ENABLED
RAMPODV3,TWT_DICT1_TRG,RAMPODV3,TWT_DICT1,BEFORE EACH ROW,INSERT,ENABLED
RAMPODV3,TWT_DICT2_TRG,RAMPODV3,TWT_DICT2,BEFORE EACH ROW,INSERT,ENABLED
RAMPODV3,TWT_FORM_1_TRG,RAMPODV3,TWT_FORM_1,BEFORE EACH ROW,INSERT,ENABLED
RAMPODV3,TWT_NAMEPLATE_DET_TRG,RAMPODV3,TWT_NAMEPLATE_DET,BEFORE EACH ROW,INSERT,ENABLED
RAMPODV3,TWT_NAMEPLATE_SOURCE_TRG,RAMPODV3,TWT_NAMEPLATE_SOURCE,BEFORE EACH ROW,INSERT,ENABLED
RAMPODV3,TWT_PARAM_DET_TRG,RAMPODV3,TWT_PARAM_DET,BEFORE EACH ROW,INSERT,ENABLED
RAMPODV3,TWT_PARAM_SOURCE_TRG,RAMPODV3,TWT_PARAM_SOURCE,BEFORE EACH ROW,INSERT,ENABLED
RAMPODV3,TWT_PARAM_TEMP_TRG,RAMPODV3,TWT_PARAM_TEMP,BEFORE EACH ROW,INSERT,ENABLED
RAMPODV3,TWT_TEXT_1_TRG,RAMPODV3,TWT_TEXT_1,BEFORE EACH ROW,INSERT,ENABLED
RAMPODV3,TWT_TEXT_DET_TRG,RAMPODV3,TWT_TEXT_DET,BEFORE EACH ROW,INSERT,ENABLED
RAMPODV3,TWT_TEXT_SOURCE_TRG,RAMPODV3,TWT_TEXT_SOURCE,BEFORE EACH ROW,INSERT,ENABLED
RAMPODV3,T_CORR_DET_TRG,RAMPODV3,T_CORR_DET,BEFORE EACH ROW,INSERT,ENABLED
RAMPODV3,T_CORR_SOURCE_TRG,RAMPODV3,T_CORR_SOURCE,BEFORE EACH ROW,INSERT,ENABLED
RAMPODV3,T_DISC_DET_TRG,RAMPODV3,T_DISC_DET,BEFORE EACH ROW,INSERT,ENABLED
RAMPODV3,T_DISC_SOURCE_TRG,RAMPODV3,T_DISC_SOURCE,BEFORE EACH ROW,INSERT,ENABLED
RAMPODV3,T_RMRK_DET_TRG,RAMPODV3,T_RMRK_DET,BEFORE EACH ROW,INSERT,ENABLED
RAMPODV3,T_RMRK_SOURCE_TRG,RAMPODV3,T_RMRK_SOURCE,BEFORE EACH ROW,INSERT,ENABLED
RAMPODV3,UNITMET131_RPT_TRG,RAMPODV3,UNITMET131_RPT,BEFORE EACH ROW,INSERT,ENABLED
RAMPODV3,UNITMET184_RPT_TRG,RAMPODV3,UNITMET184_RPT,BEFORE EACH ROW,INSERT,ENABLED
RAMPODV3,UNITMETQTR131_RPT_TRG,RAMPODV3,UNITMETQTR131_RPT,BEFORE EACH ROW,INSERT,ENABLED
RAMPODV3,UNITMETQTR184_RPT_TRG,RAMPODV3,UNITMETQTR184_RPT,BEFORE EACH ROW,INSERT,ENABLED
RAMPODV3,USER_ACCESS_TRG,RAMPODV3,USER_ACCESS,BEFORE EACH ROW,INSERT,ENABLED
RAMPODV3,USER_TRACKING_TRG,RAMPODV3,USER_TRACKING,BEFORE EACH ROW,INSERT,ENABLED
RAMPODV3,VENDOR_FAIL_TRG,RAMPODV3,VENDOR_FAIL,BEFORE EACH ROW,INSERT,ENABLED
RAMPODV3,WARR184_RPT_TRG,RAMPODV3,WARR184_RPT,BEFORE EACH ROW,INSERT,ENABLED
RAMPODV3,WARRANTY_184_TRG,RAMPODV3,WARRANTY_184,BEFORE EACH ROW,INSERT,ENABLED
RAMPODV3,WDRQDR184_RPT_TRG,RAMPODV3,WDRQDR184_RPT,BEFORE EACH ROW,INSERT,ENABLED
RAMPODV4,AUDIT_INVENTORY_TRG,RAMPODV4,AUDIT_INVENTORY,BEFORE EACH ROW,INSERT,ENABLED
RAMPODV4,AWAITING_188_TRG,RAMPODV4,AWAITING_188,BEFORE EACH ROW,INSERT,ENABLED
RAMPODV4,BASE_188_TRG,RAMPODV4,BASE_188,BEFORE EACH ROW,INSERT,ENABLED
RAMPODV4,BASE_188_YRMONTH,RAMPODV4,BASE_188,BEFORE EACH ROW,INSERT OR UPDATE,ENABLED
RAMPODV4,BASE_188_BAK_TRG,RAMPODV4,BASE_188_BAK,BEFORE EACH ROW,INSERT,ENABLED
RAMPODV4,UPDATE_CASCADE_BASE_DET,RAMPODV3,BASE_DET,BEFORE EACH ROW,UPDATE,ENABLED
RAMPODV4,BASE_SOURCE_TMP_TRG,RAMPODV4,BASE_SOURCE_TMP,BEFORE EACH ROW,INSERT,ENABLED
RAMPODV4,BB_THREADS_TRG,RAMPODV4,BB_THREADS,BEFORE EACH ROW,INSERT,ENABLED
RAMPODV4,BB_TOPICS_TRG,RAMPODV4,BB_TOPICS,BEFORE EACH ROW,INSERT,ENABLED
RAMPODV4,CG_REF_CODES_TRG,RAMPODV4,CG_REF_CODES,BEFORE EACH ROW,INSERT,ENABLED
RAMPODV4,CORR_188_TRG,RAMPODV4,CORR_188,BEFORE EACH ROW,INSERT,ENABLED
RAMPODV4,TRG_CUR_SYS_INV_TEMP,RAMPODV4,CUR_SYS_INV_TEMP,AFTER EACH ROW,INSERT OR UPDATE,ENABLED
RAMPODV4,CUR_SYS_INV_TEMP_3201_TRG,RAMPODV4,CUR_SYS_INV_TEMP_3201,BEFORE EACH ROW,INSERT,ENABLED
RAMPODV4,CUR_SYS_INV_TEMP_BACKUP_TRG,RAMPODV4,CUR_SYS_INV_TEMP_BACKUP,BEFORE EACH ROW,INSERT,ENABLED
RAMPODV4,DELTACUM_188_TRG,RAMPODV4,DELTACUM_188,BEFORE EACH ROW,INSERT,ENABLED
RAMPODV4,DEPOT_56M_TEMP_TRG,RAMPODV4,DEPOT_56M_TEMP,BEFORE EACH ROW,INSERT,ENABLED
RAMPODV4,DISC_188_TRG,RAMPODV4,DISC_188,BEFORE EACH ROW,INSERT,ENABLED
RAMPODV4,DIS_DOCS__TRG,RAMPODV4,DIS_DOCS_,BEFORE EACH ROW,INSERT,ENABLED
RAMPODV4,DIS_GRANTS__TRG,RAMPODV4,DIS_GRANTS_,BEFORE EACH ROW,INSERT,ENABLED
RAMPODV4,EW_INVENTORY_TRG,RAMPODV4,EW_INVENTORY,BEFORE EACH ROW,INSERT,ENABLED
RAMPODV4,FAIL_TYPE_188_TRG,RAMPODV4,FAIL_TYPE_188,BEFORE EACH ROW,INSERT,ENABLED
RAMPODV4,INV_188_TRG,RAMPODV4,INV_188,BEFORE EACH ROW,INSERT,ENABLED
RAMPODV4,INV_188_TEMP_TRG,RAMPODV4,INV_188_TEMP,BEFORE EACH ROW,INSERT,ENABLED
RAMPODV4,LOCATION_HIST_TRG,RAMPODV4,LOCATION_HIST,BEFORE EACH ROW,INSERT,ENABLED
RAMPODV4,LOCATION_HIST_TEMP_TRG,RAMPODV4,LOCATION_HIST_TEMP,BEFORE EACH ROW,INSERT,ENABLED
RAMPODV4,MAINTCUM_188_TRG,RAMPODV4,MAINTCUM_188,BEFORE EACH ROW,INSERT,ENABLED
RAMPODV4,METER_188_TRG,RAMPODV4,METER_188,BEFORE EACH ROW,INSERT,ENABLED
RAMPODV4,PARTS188_DICT_TRG,RAMPODV4,PARTS188_DICT,BEFORE EACH ROW,INSERT,ENABLED
RAMPODV4,PARTSDICT_TRG,RAMPODV4,PARTSDICT,BEFORE EACH ROW,INSERT,ENABLED
RAMPODV4,PARTS_172_TRG,RAMPODV4,PARTS_172,BEFORE EACH ROW,INSERT,ENABLED
RAMPODV4,PLAN_TABLE_TRG,RAMPODV4,PLAN_TABLE,BEFORE EACH ROW,INSERT,ENABLED
RAMPODV4,POD_OP_HRS_TRG,RAMPODV4,POD_OP_HRS,BEFORE EACH ROW,INSERT,ENABLED
RAMPODV4,POD_STATUS_TRG,RAMPODV4,POD_STATUS,BEFORE EACH ROW,INSERT,ENABLED
RAMPODV4,QPP_LOOKUP_TRG,RAMPODV4,QPP_LOOKUP,BEFORE EACH ROW,INSERT,ENABLED
RAMPODV4,TRG_RAMPOD_INV,RAMPODV4,RAMPOD_INV,AFTER EACH ROW,INSERT OR UPDATE OR DELETE,ENABLED
RAMPODV4,RAMPOD_INV_DAILY_TRG,RAMPODV4,RAMPOD_INV_DAILY,BEFORE EACH ROW,INSERT,ENABLED
RAMPODV4,RAMPOD_INV_HIST_TRG,RAMPODV4,RAMPOD_INV_HIST,BEFORE EACH ROW,INSERT,ENABLED
RAMPODV4,RAMPOD_INV_HIST_TEMP_TRG,RAMPODV4,RAMPOD_INV_HIST_TEMP,BEFORE EACH ROW,INSERT,ENABLED
RAMPODV4,RAMPOD_POC_TRG,RAMPODV4,RAMPOD_POC,BEFORE EACH ROW,INSERT,ENABLED
RAMPODV4,RAMPOD_SDR_TRG,RAMPODV4,RAMPOD_SDR,BEFORE EACH ROW,INSERT,ENABLED
RAMPODV4,RCS_ACTION_TRIMMER,RAMPODV4,RCS_ACTION,BEFORE EACH ROW,INSERT,ENABLED
RAMPODV4,RCS_EVENT_DATE_TAG_Y2K,RAMPODV4,RCS_EVENT,BEFORE EACH ROW,INSERT OR UPDATE,DISABLED
RAMPODV4,RCS_EVENT_FMC_DATE_Y2K,RAMPODV4,RCS_EVENT,BEFORE EACH ROW,INSERT OR UPDATE,DISABLED
RAMPODV4,RCS_EVENT_INSTALL_DT_Y2K,RAMPODV4,RCS_EVENT,BEFORE EACH ROW,INSERT OR UPDATE,DISABLED
RAMPODV4,RCS_EVENT_JCN_Y2K,RAMPODV4,RCS_EVENT,BEFORE EACH ROW,INSERT OR UPDATE,ENABLED
RAMPODV4,RCS_EVENT_NDI_DUE_Y2K,RAMPODV4,RCS_EVENT,BEFORE EACH ROW,INSERT OR UPDATE,DISABLED
RAMPODV4,RCS_EVENT_NEXT_PMI_Y2K,RAMPODV4,RCS_EVENT,BEFORE EACH ROW,INSERT OR UPDATE,DISABLED
RAMPODV4,RCS_EVENT_REMOVE_DT_Y2K,RAMPODV4,RCS_EVENT,BEFORE EACH ROW,INSERT OR UPDATE,DISABLED
RAMPODV4,RCS_EVENT_START_DATE_Y2K,RAMPODV4,RCS_EVENT,BEFORE EACH ROW,INSERT OR UPDATE,DISABLED
RAMPODV4,RCS_EVENT_TRIMMER,RAMPODV4,RCS_EVENT,BEFORE EACH ROW,INSERT OR UPDATE,ENABLED
RAMPODV4,RCS_LOOKUP_VER_TRG,RAMPODV4,RCS_LOOKUP_VER,BEFORE EACH ROW,INSERT,ENABLED
RAMPODV4,RCS_METER_TRIMMER,RAMPODV4,RCS_METER,BEFORE EACH ROW,INSERT,ENABLED
RAMPODV4,RCS_PART_TRIMMER,RAMPODV4,RCS_PART,BEFORE EACH ROW,INSERT,ENABLED
RAMPODV4,REC_TRACKING_TRG,RAMPODV4,REC_TRACKING,BEFORE EACH ROW,INSERT,ENABLED
RAMPODV4,REMOVAL_188_TRG,RAMPODV4,REMOVAL_188,BEFORE EACH ROW,INSERT,ENABLED
RAMPODV4,REM_RPT_TRG,RAMPODV4,REM_RPT,BEFORE EACH ROW,INSERT,ENABLED
RAMPODV4,RMRK_188_TRG,RAMPODV4,RMRK_188,BEFORE EACH ROW,INSERT,ENABLED
RAMPODV4,SCMLIB_TRG,RAMPODV4,SCMLIB,BEFORE EACH ROW,INSERT,ENABLED
RAMPODV4,SMRELEASE_S_TRG,RAMPODV4,SMRELEASE_S,BEFORE EACH ROW,INSERT,ENABLED
RAMPODV4,SMRUN_S_TRG,RAMPODV4,SMRUN_S,BEFORE EACH ROW,INSERT,ENABLED
RAMPODV4,SMSCHEDULE_S_TRG,RAMPODV4,SMSCHEDULE_S,BEFORE EACH ROW,INSERT,ENABLED
RAMPODV4,SMSHAREDORACLECLIENT_S_TRG,RAMPODV4,SMSHAREDORACLECLIENT_S,BEFORE EACH ROW,INSERT,ENABLED
RAMPODV4,SMSHAREDORACLECONFIG_S_TRG,RAMPODV4,SMSHAREDORACLECONFIGURATION_S,BEFORE EACH ROW,INSERT,ENABLED
RAMPODV4,SMTABLESPACE_S_TRG,RAMPODV4,SMTABLESPACE_S,BEFORE EACH ROW,INSERT,ENABLED
RAMPODV4,SMVCENDPOINT_S_TRG,RAMPODV4,SMVCENDPOINT_S,BEFORE EACH ROW,INSERT,ENABLED
RAMPODV4,SMWEEKLYENTRY_S_TRG,RAMPODV4,SMWEEKLYENTRY_S,BEFORE EACH ROW,INSERT,ENABLED
RAMPODV4,SRUMET184_RPT_LAST_TRG,RAMPODV4,SRUMET184_RPT_LAST,BEFORE EACH ROW,INSERT,ENABLED
RAMPODV4,SRU_HIST_184_GOOD_TRG,RAMPODV4,SRU_HIST_184_GOOD,BEFORE EACH ROW,INSERT,ENABLED
RAMPODV4,SRU_MET_131_TRG,RAMPODV4,SRU_MET_131,BEFORE EACH ROW,INSERT,ENABLED
RAMPODV4,SRU_MET_131II_NOUN_TRG,RAMPODV4,SRU_MET_131II_NOUN,BEFORE EACH ROW,INSERT,ENABLED
RAMPODV4,SRU_MET_131II_RPT_TRG,RAMPODV4,SRU_MET_131II_RPT,BEFORE EACH ROW,INSERT,ENABLED
RAMPODV4,SRU_MET_184_TRG,RAMPODV4,SRU_MET_184,BEFORE EACH ROW,INSERT,ENABLED
RAMPODV4,SRU_MET_184_RPT_TRG,RAMPODV4,SRU_MET_184_RPT,BEFORE EACH ROW,INSERT,ENABLED
RAMPODV4,STATUS_HIST_TRG,RAMPODV4,STATUS_HIST,BEFORE EACH ROW,INSERT,ENABLED
RAMPODV4,STATUS_SERNO_HIST_TRG,RAMPODV4,STATUS_SERNO_HIST,BEFORE EACH ROW,INSERT,ENABLED
RAMPODV4,TECSWEB_TEMP_TRG,RAMPODV4,TECSWEB_TEMP,BEFORE EACH ROW,INSERT,ENABLED
RAMPODV4,TECS_ASE_DET_TRG,RAMPODV4,TECS_ASE_DET,BEFORE EACH ROW,INSERT,ENABLED
RAMPODV4,TECS_METER_DICT_TRG,RAMPODV4,TECS_METER_DICT,BEFORE EACH ROW,INSERT,ENABLED
RAMPODV4,TECS_MNT_DET_TRG,RAMPODV4,TECS_MNT_DET,BEFORE EACH ROW,INSERT,ENABLED
RAMPODV4,TECS_TRU_DET_TRG,RAMPODV4,TECS_TRU_DET,BEFORE EACH ROW,INSERT,ENABLED
RAMPODV4,TECS_UNIT_SUBMIT_TRG,RAMPODV4,TECS_UNIT_SUBMIT,BEFORE EACH ROW,INSERT,ENABLED
RAMPODV4,TECS_WING_DET_TRG,RAMPODV4,TECS_WING_DET,BEFORE EACH ROW,INSERT,ENABLED
RAMPODV4,TEMP_MET_184_TRG,RAMPODV4,TEMP_MET_184,BEFORE EACH ROW,INSERT,ENABLED
RAMPODV4,TEST_188_TRG,RAMPODV4,TEST_188,BEFORE EACH ROW,INSERT,ENABLED
RAMPODV4,UPDATE_COST_TRG,RAMPODV4,UPDATE_COST,BEFORE EACH ROW,INSERT,ENABLED
RAMPODV4,USER_LOG_TRG,RAMPODV4,USER_LOG,BEFORE EACH ROW,INSERT,ENABLED
RAMPODV4,VBZ$JOB_TABLE_SID_TRG,RAMPODV4,VBZ$JOB_TABLE_SID,BEFORE EACH ROW,INSERT,ENABLED
RAMPODV4,VISITOR_LOG_TRG,RAMPODV4,VISITOR_LOG,BEFORE EACH ROW,INSERT,ENABLED
RAMPODV4,WEB_ACCESS_CAP,RAMPODV4,WEB_ACCESS,BEFORE EACH ROW,INSERT OR UPDATE,ENABLED
RAMPODV4,WEB_ACCESS_TRG,RAMPODV4,WEB_ACCESS,BEFORE EACH ROW,INSERT,ENABLED
RAMPODV4,WEB_ACCESS_OLD_TRG,RAMPODV4,WEB_ACCESS_OLD,BEFORE EACH ROW,INSERT,ENABLED
RAMPODV4,WEB_ACCESS_TMP_TRG,RAMPODV4,WEB_ACCESS_TMP,BEFORE EACH ROW,INSERT,ENABLED
RAMPOD_LOGIN,APP_ACC_TRG,RAMPOD_LOGIN,APP_ACCESS,BEFORE EACH ROW,INSERT OR UPDATE,ENABLED
RAMPOD_LOGIN,APP_CAT_TRG,RAMPOD_LOGIN,APP_CATEGORY,BEFORE EACH ROW,INSERT OR UPDATE,ENABLED
RAMPOD_LOGIN,APP_LIST_TRG,RAMPOD_LOGIN,APP_LIST,BEFORE EACH ROW,INSERT OR UPDATE,ENABLED
RAMPOD_LOGIN,APP_USER_TRG,RAMPOD_LOGIN,APP_USER,BEFORE EACH ROW,INSERT OR UPDATE,ENABLED
RAMPOD_LOGIN,AT_ASSET_TRG,RAMPOD_LOGIN,AT_ASSET,BEFORE EACH ROW,INSERT OR UPDATE OR DELETE,ENABLED
RAMPOD_LOGIN,AT_ISSUED_TRG,RAMPOD_LOGIN,AT_ISSUED,BEFORE EACH ROW,INSERT OR UPDATE OR DELETE,ENABLED
RAMPOD_LOGIN,AT_VENDOR_TRG,RAMPOD_LOGIN,AT_VENDOR,BEFORE EACH ROW,INSERT OR UPDATE OR DELETE,ENABLED
RAMPOD_LOGIN,FA_ASSET_TRG,RAMPOD_LOGIN,FIN_ASSET,BEFORE EACH ROW,INSERT OR UPDATE,ENABLED
RAMPOD_LOGIN,FA_ADJ_TRG,RAMPOD_LOGIN,FIN_ASSET_ADJ,BEFORE EACH ROW,INSERT OR UPDATE,ENABLED
RAMPOD_LOGIN,FA_IGNORE_TRG,RAMPOD_LOGIN,FIN_IGNORE,BEFORE EACH ROW,INSERT OR UPDATE,ENABLED
RAMPOD_LOGIN,FA_MDS_TRG,RAMPOD_LOGIN,FIN_MDS,BEFORE EACH ROW,INSERT OR UPDATE,ENABLED
RAMPOD_LOGIN,FA_REPORT_TRG,RAMPOD_LOGIN,FIN_REPORT,BEFORE EACH ROW,INSERT OR UPDATE,ENABLED
RAMPOD_LOGIN,FA_TRADING_PARTNER_TRG,RAMPOD_LOGIN,FIN_TRADING_PARTNER,BEFORE EACH ROW,INSERT OR UPDATE,ENABLED
RAMPOD_LOGIN,HTS_ANOMALY_TRG,RAMPOD_LOGIN,HTS_ANOMALY,BEFORE EACH ROW,INSERT OR UPDATE OR DELETE,ENABLED
RAMPOD_LOGIN,PROJ_OPR_TRG,RAMPOD_LOGIN,PROJ_OPR,BEFORE EACH ROW,INSERT OR UPDATE,ENABLED
RAMPOD_LOGIN,TRG_TASKNO_KEY,RAMPOD_LOGIN,TASK_NAME,BEFORE EACH ROW,INSERT OR UPDATE,ENABLED
SECURITY,SEC_AUDIT_TRG,SECURITY,SEC_AUDIT,BEFORE EACH ROW,INSERT,ENABLED
SECURITY,SEC_GROUP_TRG,SECURITY,SEC_GROUP,BEFORE EACH ROW,INSERT OR UPDATE OR DELETE,ENABLED
SECURITY,SEC_GRP_PERM_TRG,SECURITY,SEC_GROUP_PERMISSION,BEFORE EACH ROW,INSERT OR UPDATE OR DELETE,ENABLED
SECURITY,SEC_PERM_TRG,SECURITY,SEC_PERMISSION,BEFORE EACH ROW,INSERT OR UPDATE OR DELETE,ENABLED
SECURITY,SEC_USER_TRG,SECURITY,SEC_USER,BEFORE EACH ROW,INSERT OR UPDATE OR DELETE,ENABLED
SECURITY,SEC_USER_GRP_TRG,SECURITY,SEC_USER_GROUP,BEFORE EACH ROW,INSERT OR UPDATE OR DELETE,ENABLED
SECURITY,SEC_USER_PERM_TRG,SECURITY,SEC_USER_PERMISSION,BEFORE EACH ROW,INSERT OR UPDATE OR DELETE,ENABLED
