
'OWNER'||','||'TABLE_NAME'||','||'CONSTRAINT_NAME'||'
OWNER,TABLE_NAME,CONSTRAINT_NAME,COLUMN_NAME,POSITION

CON.OWNER||','||CON.TABLE_NAME||','||CON.CONSTRAINT_NAME||','||COL.COLUMN_NAME||','||COL.POSITION
ACTS,ACTS_CODE_DICT,UQ_ACTS_CODE_DICT,CODE_TYPE,1
ACTS,ACTS_CODE_DICT,UQ_ACTS_CODE_DICT,CODE,2
ACTS,ACTS_D_MAINT,ACTS_D_MAINT_UQ,JOB_ID,1
ACTS,ACTS_D_MAINT,ACTS_D_MAINT_UQ,MAINT_TAB,2
ACTS,ACTS_D_MAINT,ACTS_D_MAINT_UQ,PARTNO,3
ACTS,ACTS_D_MAINT,ACTS_D_MAINT_UQ,SEQ,4
ACTS,ACTS_D_MAINT,ACTS_D_MAINT_UQ,SERNO,5
ACTS,ACTS_D_MAINT,ACTS_D_MAINT_UQ,SYS_TYPE,6
ACTS,ACTS_D_MAINT_REC,ACTS_D_MAINT_REC_UQ,JOB_ID,1
ACTS,ACTS_D_MAINT_REC,ACTS_D_MAINT_REC_UQ,PARTNO,2
ACTS,ACTS_D_MAINT_REC,ACTS_D_MAINT_REC_UQ,SERNO,3
ACTS,ACTS_D_MAINT_REC,ACTS_D_MAINT_REC_UQ,SYS_TYPE,4
ACTS,ACTS_D_MAINT_TRACK,ACTS_D_MAINT_TRACK_UQ,INSTALL_JOB_ID,1
ACTS,ACTS_D_MAINT_TRACK,ACTS_D_MAINT_TRACK_UQ,PARTNO,2
ACTS,ACTS_D_MAINT_TRACK,ACTS_D_MAINT_TRACK_UQ,REM_JOB_ID,3
ACTS,ACTS_D_MAINT_TRACK,ACTS_D_MAINT_TRACK_UQ,SERNO,4
ACTS,ACTS_D_PART_INV,UQ_ACTS_D_PART_INV,SERNO,1
ACTS,ACTS_D_PART_INV,UQ_ACTS_D_PART_INV,PARTNO,2
ACTS,ACTS_D_PART_INV_HIST,UQ_ACTS_D_PART_INV_HIST,PART_ID,1
ACTS,ACTS_D_PART_INV_HIST,UQ_ACTS_D_PART_INV_HIST,HIST_DATE,2
ACTS,ACTS_D_PMC_LIM,ACTS_D_PMC_LIM_UQ,SERNO,1
ACTS,ACTS_D_SEQ_LOG,UQ_ACTS_D_SEQ_LOG,BASE,1
ACTS,ACTS_D_SEQ_LOG,UQ_ACTS_D_SEQ_LOG,UNIT,2
ACTS,ACTS_D_SEQ_LOG,UQ_ACTS_D_SEQ_LOG,PROGRAM,3
ACTS,ACTS_D_SORTIE,ACTS_D_SORTIE_UQ,AC_TAILNO,1
ACTS,ACTS_D_SORTIE,ACTS_D_SORTIE_UQ,MISSION_ID,2
ACTS,ACTS_D_SORTIE,ACTS_D_SORTIE_UQ,SERNO,3
ACTS,ACTS_D_SPARES,UQ_ACTS_D_SPARES,SPARE_PARTNO,1
ACTS,ACTS_D_SPARES,UQ_ACTS_D_SPARES,SPARE_SERNO,2
ACTS,ACTS_D_SYS_CONFIG,UQ_ACTS_D_SYS_CONFIG,SRA_PARTNO,1
ACTS,ACTS_D_SYS_CONFIG,UQ_ACTS_D_SYS_CONFIG,SRA_SERNO,2
ACTS,ACTS_D_SYS_INV,UQ_ACTS_D_SYS_INV,MDS,1
ACTS,ACTS_D_SYS_INV,UQ_ACTS_D_SYS_INV,PARTNO,2
ACTS,ACTS_D_SYS_INV,UQ_ACTS_D_SYS_INV,SERNO,3
ACTS,ACTS_D_SYS_MOD,ACTS_D_SYS_MOD_UQ,MOD,1
ACTS,ACTS_D_SYS_MOD,ACTS_D_SYS_MOD_UQ,SERNO,2
ACTS,ACTS_D_SYS_PMI,ACTS_D_SYS_PMI_UQ,SYS_TYPE,1
ACTS,ACTS_D_SYS_PMI,ACTS_D_SYS_PMI_UQ,SERNO,2
ACTS,ACTS_D_SYS_PMI,ACTS_D_SYS_PMI_UQ,PARTNO,3
ACTS,ACTS_D_TIME,ACTS_D_TIME_UQ,JOB_ID,1
ACTS,ACTS_D_TIME,ACTS_D_TIME_UQ,SEQ,2
ACTS,ACTS_D_TIME,ACTS_D_TIME_UQ,SERNO,3
ACTS,ACTS_D_TIME,ACTS_D_TIME_UQ,START_DAY,4
ACTS,ACTS_D_TIME,ACTS_D_TIME_UQ,START_HR,5
ACTS,ACTS_LOOKUP_VER,ACTS_LOOKUP_VER_UQ,VERSION,1
ACTS,ACTS_PROCESSING_SUMMARY,ACTS_PROCESSING_SUMMARY_UQ,CONTROL_NO,1
ACTS,ACTS_SITE_INFO,ACTS_SITE_INFO_UQ,BASENAME,1
ACTS,ACTS_SITE_INFO,ACTS_SITE_INFO_UQ,MAINT_UNIT,2
ACTS,ACTS_SITE_INFO,ACTS_SITE_INFO_UQ,MAJCOM,3
ACTS,ACTS_SYS_ETM,ACTS_SYS_ETM_UQ,PARTNO,1
ACTS,ACTS_SYS_ETM,ACTS_SYS_ETM_UQ,SERNO,2
ACTS,ACTS_TEST_DICT,ACTS_TEST_DICT_UQ,TEST,1
ACTS,ACTS_TEST_DICT,ACTS_TEST_DICT_UQ,TEST_TYPE,2
ACTS,ACTS_TRANSFER_LOG,ACTS_TRANSFER_LOG_UQ,FIELD_SITE,1
ACTS,ACTS_TRANSFER_LOG,ACTS_TRANSFER_LOG_UQ,START_CONTROL_NO,2
ACTS,ACTS_TRANSFER_LOG,ACTS_TRANSFER_LOG_UQ,STOP_CONTROL_NO,3
ACTS,ACTS_UPLOADS,ACTS_UPLOADS_UQ,CONTROL_NO,1
ACTS,ACTS_UPLOADS,ACTS_UPLOADS_UQ,LC_TIMESTAMP,2
ACTS,ACTS_UPLOADS,ACTS_UPLOADS_UQ,USER_NAME,3
ACTS,ACTS_UPLOADS_HIST,ACTS_UPLOADS_HIST_UQ,CONTROL_NO,1
ACTS,ACTS_UPLOADS_HIST,ACTS_UPLOADS_HIST_UQ,LC_TIMESTAMP,2
ACTS,ACTS_UPLOADS_HIST,ACTS_UPLOADS_HIST_UQ,USER_NAME,3
ACTS,ACTS_VALIDATOR_STATUS,ACTS_VALIDATOR_STATUS_UQ,CONTROL_NO,1
ACTS,ACTS_VALIDATOR_STATUS,ACTS_VALIDATOR_STATUS_UQ,USER_NAME,2
AGGREGATE,ADPE_BUILDING,UNQ_BLDGRM,BLDG_ID,1
AGGREGATE,ADPE_BUILDING,UNQ_BLDGRM,ROOM_NO,2
AGGREGATE,AGG_AUTHORIZED,UQ_AAUTH,AUTH_LOC_ID,1
AGGREGATE,AGG_AUTHORIZED,UQ_AAUTH,AUTH_TYPE,2
AGGREGATE,AGG_AUTHORIZED,UQ_AAUTH,MDS_CODE_ID,3
AGGREGATE,AGG_AUTHORIZED,UQ_AAUTH,SYS_ID,4
AGGREGATE,AGG_LOC_PRIV,UNQ_LOCPRIV_LOC_CODE,USER_NAME,1
AGGREGATE,AGG_LOC_PRIV,UNQ_LOCPRIV_LOC_CODE,APP_NAME,2
AGGREGATE,AGG_LOC_PRIV,UNQ_LOCPRIV_LOC_CODE,SUB_APP,3
AGGREGATE,AGG_LOC_PRIV,UNQ_LOCPRIV_LOC_CODE,LOC_ID,4
AGGREGATE,AGG_LOC_PRIV,UNQ_LOCPRIV_LOC_CODE,CODE_ID,5
AGGREGATE,AGG_USER,UNQ_AGGUSER_ID,USER_ID,1
AGGREGATE,AGG_USER_PRIV,UNQ_AUPRIV_USRPRIV,USER_NAME,1
AGGREGATE,AGG_USER_PRIV,UNQ_AUPRIV_USRPRIV,APP_NAME,2
AGGREGATE,AGG_USER_PRIV,UNQ_AUPRIV_USRPRIV,PRIV,3
AGGREGATE,AGG_USER_PRIV,UNQ_AUPRIV_USRPRIV,SUB_APP,4
AGGREGATE,CODE,UNQ_CODE_TYPEVAL,CODE_TYPE,1
AGGREGATE,CODE,UNQ_CODE_TYPEVAL,CODE_VALUE,2
AGGREGATE,PRIV_GROUP,UNQ_PRVGRP_NAME,GROUP_NAME,1
AGGREGATE,PRIV_LIST,UNQ_PRVLIST_NAME,PRIV_NAME,1
AGGREGATE,RDR_ACTION,UNQ_RDR_ACTION,ACTION_NAME,1
AGGREGATE,UII_ASSETS,UQ_UIIAST,UII,1
AGGREGATE,USER_LISTING,UNIQUE_USER_LIST_RECORD,USER_NAME,1
AGGREGATE,USER_LISTING,UNIQUE_USER_LIST_RECORD,REPORT_DATE,2
AGGREGATE,USER_PERMISSIONS,UNIQUE_USER_PERM_RECORD,USER_NAME,1
AGGREGATE,USER_PERMISSIONS,UNIQUE_USER_PERM_RECORD,PERMISSION_NAME,2
AGGREGATE,USER_PERMISSIONS,UNIQUE_USER_PERM_RECORD,PARENT_PERMISSION,3
AGGREGATE,USER_PERMISSIONS,UNIQUE_USER_PERM_RECORD,REPORT_DATE,4
APEX_030200,WWV_FLOW_COLLECTIONS$,WWV_FLOW_COLLECTIONS_UK,SESSION_ID,1
APEX_030200,WWV_FLOW_COLLECTIONS$,WWV_FLOW_COLLECTIONS_UK,USER_ID,2
APEX_030200,WWV_FLOW_COLLECTIONS$,WWV_FLOW_COLLECTIONS_UK,FLOW_ID,3
APEX_030200,WWV_FLOW_COLLECTIONS$,WWV_FLOW_COLLECTIONS_UK,COLLECTION_NAME,4
APEX_030200,WWV_FLOW_COLLECTIONS$,WWV_FLOW_COLLECTIONS_UK,SECURITY_GROUP_ID,5
APEX_030200,WWV_FLOW_COMPANIES,SYS_C0018606,PROVISIONING_COMPANY_ID,1
APEX_030200,WWV_FLOW_FND_USER,WWV_FLOW_FND_USER_PK,USER_ID,1
APEX_030200,WWV_FLOW_HNT_ARGUMENT_INFO,WWV_FLOW_HNT_ARG_INFO_UK,PROCEDURE_ID,1
APEX_030200,WWV_FLOW_HNT_ARGUMENT_INFO,WWV_FLOW_HNT_ARG_INFO_UK,ARGUMENT_NAME,2
APEX_030200,WWV_FLOW_HNT_COLUMN_INFO,WWV_FLOW_HNT_COLUMN_INFO_UK,TABLE_ID,1
APEX_030200,WWV_FLOW_HNT_COLUMN_INFO,WWV_FLOW_HNT_COLUMN_INFO_UK,COLUMN_NAME,2
APEX_030200,WWV_FLOW_HNT_PROCEDURE_INFO,WWV_FLOW_HNT_PROC_INFO_UK,SCHEMA,1
APEX_030200,WWV_FLOW_HNT_PROCEDURE_INFO,WWV_FLOW_HNT_PROC_INFO_UK,PROCEDURE_NAME,2
APEX_030200,WWV_FLOW_HNT_TABLE_INFO,WWV_FLOW_HNT_TABLE_INFO_UK,SCHEMA,1
APEX_030200,WWV_FLOW_HNT_TABLE_INFO,WWV_FLOW_HNT_TABLE_INFO_UK,TABLE_NAME,2
APEX_030200,WWV_FLOW_PLATFORM_PREF,SYS_C0019134,NAME,1
APEX_030200,WWV_FLOW_UPG_TAB_NAME_CHANGES,WWV_FLOW_UPG_TAB_NAME_CHNG_UK,NEW_TABLE_NAME,1
APEX_030200,WWV_FLOW_WORKSHEET_COLUMNS,WWV_FLOW_WORKSHEET_COLUMNS_UK2,WORKSHEET_ID,1
APEX_030200,WWV_FLOW_WORKSHEET_COLUMNS,WWV_FLOW_WORKSHEET_COLUMNS_UK2,DB_COLUMN_NAME,2
APEX_030200,WWV_FLOW_WORKSHEET_COL_GROUPS,WWV_FLOW_WORKSHEET_COL_GRPS_UK,WORKSHEET_ID,1
APEX_030200,WWV_FLOW_WORKSHEET_COL_GROUPS,WWV_FLOW_WORKSHEET_COL_GRPS_UK,NAME,2
APEX_030200,WWV_FLOW_WORKSHEET_COMPUTATION,WWV_FLOW_WS_COMP_COLS_UK,REPORT_ID,1
APEX_030200,WWV_FLOW_WORKSHEET_COMPUTATION,WWV_FLOW_WS_COMP_COLS_UK,DB_COLUMN_NAME,2
APEX_030200,WWV_FLOW_WORKSHEET_COMPUTATION,WWV_FLOW_WS_COMP_COLS_UK2,REPORT_ID,1
APEX_030200,WWV_FLOW_WORKSHEET_COMPUTATION,WWV_FLOW_WS_COMP_COLS_UK2,COLUMN_IDENTIFIER,2
APEX_030200,WWV_FLOW_WORKSHEET_LOVS,WWV_FLOW_WORKSHEET_LOVS_UK,WORKSHEET_ID,1
APEX_030200,WWV_FLOW_WORKSHEET_LOVS,WWV_FLOW_WORKSHEET_LOVS_UK,NAME,2
APEX_030200,WWV_FLOW_WORKSHEET_LOV_ENTRIES,WWV_FLOW_WS_LOV_ENTS_UK,LOV_ID,1
APEX_030200,WWV_FLOW_WORKSHEET_LOV_ENTRIES,WWV_FLOW_WS_LOV_ENTS_UK,ENTRY_TEXT,2
APEX_030200,WWV_MIG_ACCESS,SYS_C0019952,DBID,1
APEX_030200,WWV_MIG_ACCESS,WWV_MIG_ACCESS_UK1,PROJECT_ID,1
APEX_030200,WWV_MIG_ACCESS,WWV_MIG_ACCESS_UK1,DBID,2
APEX_030200,WWV_MIG_ACC_FORMS,WWV_MIG_ACC_FORMS_UK1,PROJECT_ID,1
APEX_030200,WWV_MIG_ACC_FORMS,WWV_MIG_ACC_FORMS_UK1,DBID,2
APEX_030200,WWV_MIG_ACC_FORMS,WWV_MIG_ACC_FORMS_UK1,FORMID,3
APEX_030200,WWV_MIG_ACC_GROUPS,WWV_MIG_ACC_GROUPS_UK1,PROJECT_ID,1
APEX_030200,WWV_MIG_ACC_GROUPS,WWV_MIG_ACC_GROUPS_UK1,DBID,2
APEX_030200,WWV_MIG_ACC_GROUPS,WWV_MIG_ACC_GROUPS_UK1,GROUPID,3
APEX_030200,WWV_MIG_ACC_INDEXES,WWV_MIG_ACC_INDEXES_UK1,PROJECT_ID,1
APEX_030200,WWV_MIG_ACC_INDEXES,WWV_MIG_ACC_INDEXES_UK1,DBID,2
APEX_030200,WWV_MIG_ACC_INDEXES,WWV_MIG_ACC_INDEXES_UK1,TBLID,3
APEX_030200,WWV_MIG_ACC_INDEXES,WWV_MIG_ACC_INDEXES_UK1,INDID,4
APEX_030200,WWV_MIG_ACC_MODULES,WWV_MIG_ACC_MODULES_UK1,PROJECT_ID,1
APEX_030200,WWV_MIG_ACC_MODULES,WWV_MIG_ACC_MODULES_UK1,DBID,2
APEX_030200,WWV_MIG_ACC_MODULES,WWV_MIG_ACC_MODULES_UK1,MODULEID,3
APEX_030200,WWV_MIG_ACC_QUERIES,WWV_MIG_ACC_QRY_UK1,PROJECT_ID,1
APEX_030200,WWV_MIG_ACC_QUERIES,WWV_MIG_ACC_QRY_UK1,DBID,2
APEX_030200,WWV_MIG_ACC_QUERIES,WWV_MIG_ACC_QRY_UK1,QRYID,3
APEX_030200,WWV_MIG_ACC_RELATIONS,WWV_MIG_ACC_RELATIONS_UK1,PROJECT_ID,1
APEX_030200,WWV_MIG_ACC_RELATIONS,WWV_MIG_ACC_RELATIONS_UK1,DBID,2
APEX_030200,WWV_MIG_ACC_RELATIONS,WWV_MIG_ACC_RELATIONS_UK1,RELID,3
APEX_030200,WWV_MIG_ACC_REPORTS,WWV_MIG_ACC_REPORTS_UK1,PROJECT_ID,1
APEX_030200,WWV_MIG_ACC_REPORTS,WWV_MIG_ACC_REPORTS_UK1,DBID,2
APEX_030200,WWV_MIG_ACC_REPORTS,WWV_MIG_ACC_REPORTS_UK1,REPORTID,3
APEX_030200,WWV_MIG_ACC_TABLES,WWV_MIG_ACC_TABLES_UK1,PROJECT_ID,1
APEX_030200,WWV_MIG_ACC_TABLES,WWV_MIG_ACC_TABLES_UK1,DBID,2
APEX_030200,WWV_MIG_ACC_TABLES,WWV_MIG_ACC_TABLES_UK1,TBLID,3
APEX_030200,WWV_MIG_ACC_USERS,WWV_MIG_ACC_USERS_UK1,PROJECT_ID,1
APEX_030200,WWV_MIG_ACC_USERS,WWV_MIG_ACC_USERS_UK1,DBID,2
APEX_030200,WWV_MIG_ACC_USERS,WWV_MIG_ACC_USERS_UK1,USERID,3
APEX_030200,WWV_MIG_FORMS,WWV_MIG_FORMS_UK,FILE_NAME,1
APEX_030200,WWV_MIG_FORMS,WWV_MIG_FORMS_UK,PROJECT_ID,2
APEX_030200,WWV_MIG_FRM_MENUS,WWV_MIG_MENUS_UK,FILE_NAME,1
APEX_030200,WWV_MIG_FRM_MENUS,WWV_MIG_MENUS_UK,PROJECT_ID,2
APEX_030200,WWV_MIG_FRM_OLB_XMLTAGTABLEMAP,WWV_MIG_OLB_XTTM_TABLE_NAME_UK,TABLE_NAME,1
APEX_030200,WWV_MIG_FRM_XMLTAGTABLEMAP,WWV_MIG_FRM_XTTM_TABLE_NAME_UK,TABLE_NAME,1
APEX_030200,WWV_MIG_MENU_XMLTAGTABLEMAP,WWV_MIG_MNU_TABLE_NAME_UK,TABLE_NAME,1
APEX_030200,WWV_MIG_OLB,WWV_MIG_OLB_UK,FILE_NAME,1
APEX_030200,WWV_MIG_OLB,WWV_MIG_OLB_UK,PROJECT_ID,2
APEX_030200,WWV_MIG_PLSQL_LIBS,WWV_MIG_PLLS_UK,FILE_NAME,1
APEX_030200,WWV_MIG_PLSQL_LIBS,WWV_MIG_PLLS_UK,PROJECT_ID,2
APEX_030200,WWV_MIG_PROJECTS,WWV_MIG_PROJ_UK1,MIGRATION_NAME,1
APEX_030200,WWV_MIG_PROJECTS,WWV_MIG_PROJ_UK1,SECURITY_GROUP_ID,2
APEX_030200,WWV_MIG_PROJECT_COMPONENTS,WWV_MIG_PROJ_COMP_UK1,ID,1
APEX_030200,WWV_MIG_PROJECT_COMPONENTS,WWV_MIG_PROJ_COMP_UK1,PROJECT_ID,2
APEX_030200,WWV_MIG_PROJECT_COMPONENTS,WWV_MIG_PROJ_COMP_UK1,SECURITY_GROUP_ID,3
APEX_030200,WWV_MIG_PROJECT_TRIGGERS,WWV_MIG_PROJ_TRIG_UK1,ID,1
APEX_030200,WWV_MIG_PROJECT_TRIGGERS,WWV_MIG_PROJ_TRIG_UK1,PROJECT_ID,2
APEX_030200,WWV_MIG_PROJECT_TRIGGERS,WWV_MIG_PROJ_TRIG_UK1,SECURITY_GROUP_ID,3
APEX_030200,WWV_MIG_RPTS,WWV_MIG_RPTS_UK,FILE_NAME,1
APEX_030200,WWV_MIG_RPTS,WWV_MIG_RPTS_UK,PROJECT_ID,2
APEX_030200,WWV_MIG_RPT_XMLTAGTABLEMAP,WWV_MIG_RPT_XTTM_TABLE_NAME_UK,TABLE_NAME,1
APEX_040200,WWV_FLOWS,WWV_FLOWS_ALIAS_IDX,ALIAS,1
APEX_040200,WWV_FLOWS,WWV_FLOWS_ALIAS_IDX,SECURITY_GROUP_ID,2
APEX_040200,WWV_FLOWS,WWV_FLOWS_PK_IDX,SECURITY_GROUP_ID,1
APEX_040200,WWV_FLOWS,WWV_FLOWS_PK_IDX,ID,2
APEX_040200,WWV_FLOW_ADVISOR_CATEGORIES,WWV_FLOW_ADV_CAT_CODE_UK,CODE,1
APEX_040200,WWV_FLOW_ADVISOR_CHECKS,WWV_FLOW_ADV_CHK_CODE_UK,CODE,1
APEX_040200,WWV_FLOW_ADVISOR_CHECK_MSGS,WWV_FLOW_ADV_CHK_MSG_CODE_UK,CHECK_ID,1
APEX_040200,WWV_FLOW_ADVISOR_CHECK_MSGS,WWV_FLOW_ADV_CHK_MSG_CODE_UK,CODE,2
APEX_040200,WWV_FLOW_AUTHENTICATIONS,WWV_FLOW_AUTHENTICATIONS_UK,FLOW_ID,1
APEX_040200,WWV_FLOW_AUTHENTICATIONS,WWV_FLOW_AUTHENTICATIONS_UK,NAME,2
APEX_040200,WWV_FLOW_BUILDER_FEATURES,WWV_FLOW_BLD_FEATURE_NAME_UK,NAME,1
APEX_040200,WWV_FLOW_COLLECTIONS$,WWV_FLOW_COLLECTIONS_UK,SESSION_ID,1
APEX_040200,WWV_FLOW_COLLECTIONS$,WWV_FLOW_COLLECTIONS_UK,USER_ID,2
APEX_040200,WWV_FLOW_COLLECTIONS$,WWV_FLOW_COLLECTIONS_UK,FLOW_ID,3
APEX_040200,WWV_FLOW_COLLECTIONS$,WWV_FLOW_COLLECTIONS_UK,COLLECTION_NAME,4
APEX_040200,WWV_FLOW_COLLECTIONS$,WWV_FLOW_COLLECTIONS_UK,SECURITY_GROUP_ID,5
APEX_040200,WWV_FLOW_COMPANIES,SYS_C00162760,PROVISIONING_COMPANY_ID,1
APEX_040200,WWV_FLOW_COMPANIES,WWV_FLOW_COMPANIES_CLOUD_UK,CLOUD_GROUP_NAME,1
APEX_040200,WWV_FLOW_COMPANIES,WWV_FLOW_COMPANIES_CLOUD_UK,CLOUD_SERVICE_NAME,2
APEX_040200,WWV_FLOW_DICTIONARY_VIEWS,WWV_FLOW_DICT_VIEW_NAME_UK,VIEW_NAME,1
APEX_040200,WWV_FLOW_FND_USER,WWV_FLOW_FND_USER_PK,USER_ID,1
APEX_040200,WWV_FLOW_FND_USER_GROUPS,WWV_FLOW_FND_USER_GROUPS_UK1,GROUP_NAME,1
APEX_040200,WWV_FLOW_FND_USER_GROUPS,WWV_FLOW_FND_USER_GROUPS_UK1,SECURITY_GROUP_ID,2
APEX_040200,WWV_FLOW_HNT_ARGUMENT_INFO,WWV_FLOW_HNT_ARG_INFO_UK,PROCEDURE_ID,1
APEX_040200,WWV_FLOW_HNT_ARGUMENT_INFO,WWV_FLOW_HNT_ARG_INFO_UK,ARGUMENT_NAME,2
APEX_040200,WWV_FLOW_HNT_COLUMN_DICT,WWV_FHCD_UK,SECURITY_GROUP_ID,1
APEX_040200,WWV_FLOW_HNT_COLUMN_DICT,WWV_FHCD_UK,COLUMN_NAME,2
APEX_040200,WWV_FLOW_HNT_COLUMN_INFO,WWV_FLOW_HNT_COLUMN_INFO_UK,TABLE_ID,1
APEX_040200,WWV_FLOW_HNT_COLUMN_INFO,WWV_FLOW_HNT_COLUMN_INFO_UK,COLUMN_NAME,2
APEX_040200,WWV_FLOW_HNT_COL_DICT_SYN,WWV_FLOW_HNT_COL_DICT_SYN_UK,SECURITY_GROUP_ID,1
APEX_040200,WWV_FLOW_HNT_COL_DICT_SYN,WWV_FLOW_HNT_COL_DICT_SYN_UK,SYN_NAME,2
APEX_040200,WWV_FLOW_HNT_GROUPS,WWV_FLOW_HNT_GROUPS_UK,TABLE_ID,1
APEX_040200,WWV_FLOW_HNT_GROUPS,WWV_FLOW_HNT_GROUPS_UK,GROUP_NAME,2
APEX_040200,WWV_FLOW_HNT_PROCEDURE_INFO,WWV_FLOW_HNT_PROC_INFO_UK,SCHEMA,1
APEX_040200,WWV_FLOW_HNT_PROCEDURE_INFO,WWV_FLOW_HNT_PROC_INFO_UK,PROCEDURE_NAME,2
APEX_040200,WWV_FLOW_HNT_TABLE_INFO,WWV_FLOW_HNT_TABLE_INFO_UK,SCHEMA,1
APEX_040200,WWV_FLOW_HNT_TABLE_INFO,WWV_FLOW_HNT_TABLE_INFO_UK,TABLE_NAME,2
APEX_040200,WWV_FLOW_LOAD_TABLES,WWV_FLOW_LOAD_TAB_UK1,FLOW_ID,1
APEX_040200,WWV_FLOW_LOAD_TABLES,WWV_FLOW_LOAD_TAB_UK1,NAME,2
APEX_040200,WWV_FLOW_LOAD_TABLE_LOOKUPS,WWV_FLOW_LOAD_TAB_LK_UK1,LOAD_TABLE_ID,1
APEX_040200,WWV_FLOW_LOAD_TABLE_LOOKUPS,WWV_FLOW_LOAD_TAB_LK_UK1,LOAD_COLUMN_NAME,2
APEX_040200,WWV_FLOW_LOAD_TABLE_RULES,WWV_FLOW_LOAD_TAB_RULE_UK1,LOAD_TABLE_ID,1
APEX_040200,WWV_FLOW_LOAD_TABLE_RULES,WWV_FLOW_LOAD_TAB_RULE_UK1,LOAD_COLUMN_NAME,2
APEX_040200,WWV_FLOW_LOAD_TABLE_RULES,WWV_FLOW_LOAD_TAB_RULE_UK1,RULE_NAME,3
APEX_040200,WWV_FLOW_PAGE_TMPL_DISP_POINTS,WWV_PAGE_TMPL_DP_UK1,PAGE_TEMPLATE_ID,1
APEX_040200,WWV_FLOW_PAGE_TMPL_DISP_POINTS,WWV_PAGE_TMPL_DP_UK1,PLACEHOLDER,2
APEX_040200,WWV_FLOW_PAGE_TMPL_DISP_POINTS,WWV_PAGE_TMPL_DP_UK2,PAGE_TEMPLATE_ID,1
APEX_040200,WWV_FLOW_PAGE_TMPL_DISP_POINTS,WWV_PAGE_TMPL_DP_UK2,NAME,2
APEX_040200,WWV_FLOW_PKG_APPLICATIONS,WWV_FLOW_PKG_APP_UK1,APEX_APPLICATION_ID,1
APEX_040200,WWV_FLOW_PKG_APPLICATIONS,WWV_FLOW_PKG_APP_UK2,ROW_KEY,1
APEX_040200,WWV_FLOW_PKG_APPLICATIONS,WWV_FLOW_PKG_APP_UK3,APEX_WEBSHEET_ID,1
APEX_040200,WWV_FLOW_PKG_APP_CATEGORIES,WWV_FLOW_PKG_APP_CATS_UK1,CATEGORY_NAME,1
APEX_040200,WWV_FLOW_PLUGINS,WWV_FLOW_PLUGIN_UK,FLOW_ID,1
APEX_040200,WWV_FLOW_PLUGINS,WWV_FLOW_PLUGIN_UK,PLUGIN_TYPE,2
APEX_040200,WWV_FLOW_PLUGINS,WWV_FLOW_PLUGIN_UK,NAME,3
APEX_040200,WWV_FLOW_PLUGIN_ATTRIBUTES,WWV_FLOW_PLUGIN_ATTR_UK,PLUGIN_ID,1
APEX_040200,WWV_FLOW_PLUGIN_ATTRIBUTES,WWV_FLOW_PLUGIN_ATTR_UK,ATTRIBUTE_SCOPE,2
APEX_040200,WWV_FLOW_PLUGIN_ATTRIBUTES,WWV_FLOW_PLUGIN_ATTR_UK,ATTRIBUTE_SEQUENCE,3
APEX_040200,WWV_FLOW_PLUGIN_EVENTS,WWV_FLOW_PLUGIN_EVNT_UK,PLUGIN_ID,1
APEX_040200,WWV_FLOW_PLUGIN_EVENTS,WWV_FLOW_PLUGIN_EVNT_UK,NAME,2
APEX_040200,WWV_FLOW_PLUGIN_FILES,WWV_FLOW_PLUGIN_FILE_UK,PLUGIN_ID,1
APEX_040200,WWV_FLOW_PLUGIN_FILES,WWV_FLOW_PLUGIN_FILE_UK,FILE_NAME,2
APEX_040200,WWV_FLOW_PLUGIN_SETTINGS,WWV_FLOW_PLUGIN_SET_UK,FLOW_ID,1
APEX_040200,WWV_FLOW_PLUGIN_SETTINGS,WWV_FLOW_PLUGIN_SET_UK,PLUGIN_TYPE,2
APEX_040200,WWV_FLOW_PLUGIN_SETTINGS,WWV_FLOW_PLUGIN_SET_UK,PLUGIN,3
APEX_040200,WWV_FLOW_PLUG_TMPL_DISP_POINTS,WWV_PLUG_TMPL_DP_UK1,PLUG_TEMPLATE_ID,1
APEX_040200,WWV_FLOW_PLUG_TMPL_DISP_POINTS,WWV_PLUG_TMPL_DP_UK1,PLACEHOLDER,2
APEX_040200,WWV_FLOW_PLUG_TMPL_DISP_POINTS,WWV_PLUG_TMPL_DP_UK2,PLUG_TEMPLATE_ID,1
APEX_040200,WWV_FLOW_PLUG_TMPL_DISP_POINTS,WWV_PLUG_TMPL_DP_UK2,NAME,2
APEX_040200,WWV_FLOW_RT$PENDING_APPROVALS,WWV_FLOW_RT$PEND_APPRV_UNIQUE1,APPROVAL_ID,1
APEX_040200,WWV_FLOW_RT$PENDING_APPROVALS,WWV_FLOW_RT$PEND_APPRV_UNIQUE1,CLIENT_STATE,2
APEX_040200,WWV_FLOW_STANDARD_EVENTS,WWV_FLOW_STD_EVNT_UK,NAME,1
APEX_040200,WWV_FLOW_STANDARD_EVENTS,WWV_FLOW_STD_EVNT_UK,EVENT_TYPE,2
APEX_040200,WWV_FLOW_STANDARD_ITEM_TYPES,WWV_FLOW_STD_ITEM_TYPE_UK,NAME,1
APEX_040200,WWV_FLOW_THEME_DISPLAY_POINTS,WWV_THEME_DISP_POINT_UK1,FLOW_ID,1
APEX_040200,WWV_FLOW_THEME_DISPLAY_POINTS,WWV_THEME_DISP_POINT_UK1,THEME_ID,2
APEX_040200,WWV_FLOW_THEME_DISPLAY_POINTS,WWV_THEME_DISP_POINT_UK1,PLACEHOLDER,3
APEX_040200,WWV_FLOW_THEME_DISPLAY_POINTS,WWV_THEME_DISP_POINT_UK2,FLOW_ID,1
APEX_040200,WWV_FLOW_THEME_DISPLAY_POINTS,WWV_THEME_DISP_POINT_UK2,THEME_ID,2
APEX_040200,WWV_FLOW_THEME_DISPLAY_POINTS,WWV_THEME_DISP_POINT_UK2,NAME,3
APEX_040200,WWV_FLOW_THEME_STYLES,WWV_FLOW_THEME_STYLE_UK,FLOW_ID,1
APEX_040200,WWV_FLOW_THEME_STYLES,WWV_FLOW_THEME_STYLE_UK,THEME_ID,2
APEX_040200,WWV_FLOW_THEME_STYLES,WWV_FLOW_THEME_STYLE_UK,NAME,3
APEX_040200,WWV_FLOW_UI_TYPES,WWV_FLOW_UI_TYPE_NAME_UK,NAME,1
APEX_040200,WWV_FLOW_UI_TYPES,WWV_FLOW_UI_TYPE_NAME_UK,SECURITY_GROUP_ID,2
APEX_040200,WWV_FLOW_UI_TYPE_FEATURES,WWV_FLOW_UI_TYPE_FEATURE_UK,UI_TYPE_ID,1
APEX_040200,WWV_FLOW_UI_TYPE_FEATURES,WWV_FLOW_UI_TYPE_FEATURE_UK,BUILDER_FEATURE_ID,2
APEX_040200,WWV_FLOW_UPG_TAB_NAME_CHANGES,WWV_FLOW_UPG_TAB_NAME_CHNG_UK,NEW_TABLE_NAME,1
APEX_040200,WWV_FLOW_USER_INTERFACES,WWV_FLOW_USER_INT_TYPE_UK,FLOW_ID,1
APEX_040200,WWV_FLOW_USER_INTERFACES,WWV_FLOW_USER_INT_TYPE_UK,UI_TYPE_ID,2
APEX_040200,WWV_FLOW_WORKSHEET_COLUMNS,WWV_FLOW_WORKSHEET_COLUMNS_UK2,WORKSHEET_ID,1
APEX_040200,WWV_FLOW_WORKSHEET_COLUMNS,WWV_FLOW_WORKSHEET_COLUMNS_UK2,DB_COLUMN_NAME,2
APEX_040200,WWV_FLOW_WORKSHEET_COL_GROUPS,WWV_FLOW_WORKSHEET_COL_GRPS_UK,WORKSHEET_ID,1
APEX_040200,WWV_FLOW_WORKSHEET_COL_GROUPS,WWV_FLOW_WORKSHEET_COL_GRPS_UK,NAME,2
APEX_040200,WWV_FLOW_WORKSHEET_COMPUTATION,WWV_FLOW_WS_COMP_COLS_UK,REPORT_ID,1
APEX_040200,WWV_FLOW_WORKSHEET_COMPUTATION,WWV_FLOW_WS_COMP_COLS_UK,DB_COLUMN_NAME,2
APEX_040200,WWV_FLOW_WORKSHEET_COMPUTATION,WWV_FLOW_WS_COMP_COLS_UK2,REPORT_ID,1
APEX_040200,WWV_FLOW_WORKSHEET_COMPUTATION,WWV_FLOW_WS_COMP_COLS_UK2,COLUMN_IDENTIFIER,2
APEX_040200,WWV_FLOW_WORKSHEET_LOVS,WWV_FLOW_WORKSHEET_LOVS_UK,WORKSHEET_ID,1
APEX_040200,WWV_FLOW_WORKSHEET_LOVS,WWV_FLOW_WORKSHEET_LOVS_UK,NAME,2
APEX_040200,WWV_FLOW_WORKSHEET_LOV_ENTRIES,WWV_FLOW_WS_LOV_ENTS_UK,LOV_ID,1
APEX_040200,WWV_FLOW_WORKSHEET_LOV_ENTRIES,WWV_FLOW_WS_LOV_ENTS_UK,ENTRY_TEXT,2
APEX_040200,WWV_MIG_ACCESS,SYS_C00165029,DBID,1
APEX_040200,WWV_MIG_ACCESS,WWV_MIG_ACCESS_UK1,PROJECT_ID,1
APEX_040200,WWV_MIG_ACCESS,WWV_MIG_ACCESS_UK1,DBID,2
APEX_040200,WWV_MIG_ACC_FORMS,WWV_MIG_ACC_FORMS_UK1,PROJECT_ID,1
APEX_040200,WWV_MIG_ACC_FORMS,WWV_MIG_ACC_FORMS_UK1,DBID,2
APEX_040200,WWV_MIG_ACC_FORMS,WWV_MIG_ACC_FORMS_UK1,FORMID,3
APEX_040200,WWV_MIG_ACC_GROUPS,WWV_MIG_ACC_GROUPS_UK1,PROJECT_ID,1
APEX_040200,WWV_MIG_ACC_GROUPS,WWV_MIG_ACC_GROUPS_UK1,DBID,2
APEX_040200,WWV_MIG_ACC_GROUPS,WWV_MIG_ACC_GROUPS_UK1,GROUPID,3
APEX_040200,WWV_MIG_ACC_INDEXES,WWV_MIG_ACC_INDEXES_UK1,PROJECT_ID,1
APEX_040200,WWV_MIG_ACC_INDEXES,WWV_MIG_ACC_INDEXES_UK1,DBID,2
APEX_040200,WWV_MIG_ACC_INDEXES,WWV_MIG_ACC_INDEXES_UK1,TBLID,3
APEX_040200,WWV_MIG_ACC_INDEXES,WWV_MIG_ACC_INDEXES_UK1,INDID,4
APEX_040200,WWV_MIG_ACC_MODULES,WWV_MIG_ACC_MODULES_UK1,PROJECT_ID,1
APEX_040200,WWV_MIG_ACC_MODULES,WWV_MIG_ACC_MODULES_UK1,DBID,2
APEX_040200,WWV_MIG_ACC_MODULES,WWV_MIG_ACC_MODULES_UK1,MODULEID,3
APEX_040200,WWV_MIG_ACC_QUERIES,WWV_MIG_ACC_QRY_UK1,PROJECT_ID,1
APEX_040200,WWV_MIG_ACC_QUERIES,WWV_MIG_ACC_QRY_UK1,DBID,2
APEX_040200,WWV_MIG_ACC_QUERIES,WWV_MIG_ACC_QRY_UK1,QRYID,3
APEX_040200,WWV_MIG_ACC_RELATIONS,WWV_MIG_ACC_RELATIONS_UK1,PROJECT_ID,1
APEX_040200,WWV_MIG_ACC_RELATIONS,WWV_MIG_ACC_RELATIONS_UK1,DBID,2
APEX_040200,WWV_MIG_ACC_RELATIONS,WWV_MIG_ACC_RELATIONS_UK1,RELID,3
APEX_040200,WWV_MIG_ACC_REPORTS,WWV_MIG_ACC_REPORTS_UK1,PROJECT_ID,1
APEX_040200,WWV_MIG_ACC_REPORTS,WWV_MIG_ACC_REPORTS_UK1,DBID,2
APEX_040200,WWV_MIG_ACC_REPORTS,WWV_MIG_ACC_REPORTS_UK1,REPORTID,3
APEX_040200,WWV_MIG_ACC_TABLES,WWV_MIG_ACC_TABLES_UK1,PROJECT_ID,1
APEX_040200,WWV_MIG_ACC_TABLES,WWV_MIG_ACC_TABLES_UK1,DBID,2
APEX_040200,WWV_MIG_ACC_TABLES,WWV_MIG_ACC_TABLES_UK1,TBLID,3
APEX_040200,WWV_MIG_ACC_USERS,WWV_MIG_ACC_USERS_UK1,PROJECT_ID,1
APEX_040200,WWV_MIG_ACC_USERS,WWV_MIG_ACC_USERS_UK1,DBID,2
APEX_040200,WWV_MIG_ACC_USERS,WWV_MIG_ACC_USERS_UK1,USERID,3
APEX_040200,WWV_MIG_FORMS,WWV_MIG_FORMS_UK,FILE_NAME,1
APEX_040200,WWV_MIG_FORMS,WWV_MIG_FORMS_UK,PROJECT_ID,2
APEX_040200,WWV_MIG_FRM_MENUS,WWV_MIG_MENUS_UK,FILE_NAME,1
APEX_040200,WWV_MIG_FRM_MENUS,WWV_MIG_MENUS_UK,PROJECT_ID,2
APEX_040200,WWV_MIG_FRM_OLB_XMLTAGTABLEMAP,WWV_MIG_OLB_XTTM_TABLE_NAME_UK,TABLE_NAME,1
APEX_040200,WWV_MIG_FRM_XMLTAGTABLEMAP,WWV_MIG_FRM_XTTM_TABLE_NAME_UK,TABLE_NAME,1
APEX_040200,WWV_MIG_MENU_XMLTAGTABLEMAP,WWV_MIG_MNU_TABLE_NAME_UK,TABLE_NAME,1
APEX_040200,WWV_MIG_OLB,WWV_MIG_OLB_UK,FILE_NAME,1
APEX_040200,WWV_MIG_OLB,WWV_MIG_OLB_UK,PROJECT_ID,2
APEX_040200,WWV_MIG_PLSQL_LIBS,WWV_MIG_PLLS_UK,FILE_NAME,1
APEX_040200,WWV_MIG_PLSQL_LIBS,WWV_MIG_PLLS_UK,PROJECT_ID,2
APEX_040200,WWV_MIG_PROJECTS,WWV_MIG_PROJ_UK1,MIGRATION_NAME,1
APEX_040200,WWV_MIG_PROJECTS,WWV_MIG_PROJ_UK1,SECURITY_GROUP_ID,2
APEX_040200,WWV_MIG_PROJECT_COMPONENTS,WWV_MIG_PROJ_COMP_UK1,ID,1
APEX_040200,WWV_MIG_PROJECT_COMPONENTS,WWV_MIG_PROJ_COMP_UK1,PROJECT_ID,2
APEX_040200,WWV_MIG_PROJECT_COMPONENTS,WWV_MIG_PROJ_COMP_UK1,SECURITY_GROUP_ID,3
APEX_040200,WWV_MIG_PROJECT_TRIGGERS,WWV_MIG_PROJ_TRIG_UK1,ID,1
APEX_040200,WWV_MIG_PROJECT_TRIGGERS,WWV_MIG_PROJ_TRIG_UK1,PROJECT_ID,2
APEX_040200,WWV_MIG_PROJECT_TRIGGERS,WWV_MIG_PROJ_TRIG_UK1,SECURITY_GROUP_ID,3
APEX_040200,WWV_MIG_RPTS,WWV_MIG_RPTS_UK,FILE_NAME,1
APEX_040200,WWV_MIG_RPTS,WWV_MIG_RPTS_UK,PROJECT_ID,2
APEX_040200,WWV_MIG_RPT_XMLTAGTABLEMAP,WWV_MIG_RPT_XTTM_TABLE_NAME_UK,TABLE_NAME,1
APEX_220200,WWV_CREDENTIALS,WWV_CREDENTIAL_WS_NAME_UK,SECURITY_GROUP_ID,1
APEX_220200,WWV_CREDENTIALS,WWV_CREDENTIAL_WS_NAME_UK,NAME,2
APEX_220200,WWV_CREDENTIALS,WWV_CREDENTIAL_WS_STATICID_UK,SECURITY_GROUP_ID,1
APEX_220200,WWV_CREDENTIALS,WWV_CREDENTIAL_WS_STATICID_UK,STATIC_ID,2
APEX_220200,WWV_DG_BLUEPRINTS,WWV_DG_BLUEPRINT_UK1,SECURITY_GROUP_ID,1
APEX_220200,WWV_DG_BLUEPRINTS,WWV_DG_BLUEPRINT_UK1,NAME,2
APEX_220200,WWV_DG_BLUEPRINTS,WWV_DG_BLUEPRINT_UK2,SECURITY_GROUP_ID,1
APEX_220200,WWV_DG_BLUEPRINTS,WWV_DG_BLUEPRINT_UK2,DISPLAY_NAME,2
APEX_220200,WWV_DG_BLUEPRINT_DATA_SOURCES,WWV_DG_BP_DS_UK1,BLUEPRINT_ID,1
APEX_220200,WWV_DG_BLUEPRINT_DATA_SOURCES,WWV_DG_BP_DS_UK1,NAME,2
APEX_220200,WWV_DG_BLUEPRINT_SAMPLES,WWV_DG_BLUEPRINT_SAMPLE_UK1,SAMPLE_NAME,1
APEX_220200,WWV_DG_BLUEPRINT_TABLES,WWV_DG_BLUEPRINT_TABLE_UK1,BLUEPRINT_ID,1
APEX_220200,WWV_DG_BLUEPRINT_TABLES,WWV_DG_BLUEPRINT_TABLE_UK1,SEQ,2
APEX_220200,WWV_DG_BLUEPRINT_TABLES,WWV_DG_BLUEPRINT_TABLE_UK2,BLUEPRINT_ID,1
APEX_220200,WWV_DG_BLUEPRINT_TABLES,WWV_DG_BLUEPRINT_TABLE_UK2,NAME,2
APEX_220200,WWV_DG_BLUEPRINT_TAB_COLUMNS,WWV_DG_BLUEPRINT_TAB_COL_UK1,BLUEPRINT_TABLE_ID,1
APEX_220200,WWV_DG_BLUEPRINT_TAB_COLUMNS,WWV_DG_BLUEPRINT_TAB_COL_UK1,NAME,2
APEX_220200,WWV_DG_BLUEPRINT_TAB_COLUMNS,WWV_DG_BLUEPRINT_TAB_COL_UK2,BLUEPRINT_TABLE_ID,1
APEX_220200,WWV_DG_BLUEPRINT_TAB_COLUMNS,WWV_DG_BLUEPRINT_TAB_COL_UK2,SEQ,2
APEX_220200,WWV_DG_META_TABLES,WWV_DG_META_TABLE_CON1,TABLE_NAME,1
APEX_220200,WWV_DG_META_TABLES,WWV_DG_META_TABLE_CON2,FRIENDLY_NAME,1
APEX_220200,WWV_DG_META_TAB_COLS,WWV_DG_META_TAB_COL_UK,FRIENDLY_NAME,1
APEX_220200,WWV_FLOWS,WWV_FLOWS_ALIAS_IDX,ALIAS,1
APEX_220200,WWV_FLOWS,WWV_FLOWS_ALIAS_IDX,SECURITY_GROUP_ID,2
APEX_220200,WWV_FLOWS,WWV_FLOWS_PK_IDX,SECURITY_GROUP_ID,1
APEX_220200,WWV_FLOWS,WWV_FLOWS_PK_IDX,ID,2
APEX_220200,WWV_FLOW_ACL_GROUP_USERS,WWV_FLOW_ACL_GROUP_USERS_UK,SECURITY_GROUP_ID,1
APEX_220200,WWV_FLOW_ACL_GROUP_USERS,WWV_FLOW_ACL_GROUP_USERS_UK,USER_NAME,2
APEX_220200,WWV_FLOW_ACL_GROUP_USERS,WWV_FLOW_ACL_GROUP_USERS_UK,GROUP_ID,3
APEX_220200,WWV_FLOW_ADVISOR_CATEGORIES,WWV_FLOW_ADV_CAT_CODE_UK,CODE,1
APEX_220200,WWV_FLOW_ADVISOR_CHECKS,WWV_FLOW_ADV_CHK_CODE_UK,CODE,1
APEX_220200,WWV_FLOW_ADVISOR_CHECK_MSGS,WWV_FLOW_ADV_CHK_MSG_CODE_UK,CHECK_ID,1
APEX_220200,WWV_FLOW_ADVISOR_CHECK_MSGS,WWV_FLOW_ADV_CHK_MSG_CODE_UK,CODE,2
APEX_220200,WWV_FLOW_APP_SETTINGS,WWV_FLOW_APPSET_NAME_UK,SECURITY_GROUP_ID,1
APEX_220200,WWV_FLOW_APP_SETTINGS,WWV_FLOW_APPSET_NAME_UK,FLOW_ID,2
APEX_220200,WWV_FLOW_APP_SETTINGS,WWV_FLOW_APPSET_NAME_UK,NAME,3
APEX_220200,WWV_FLOW_AUTHENTICATIONS,WWV_FLOW_AUTHENTICATIONS_UK,FLOW_ID,1
APEX_220200,WWV_FLOW_AUTHENTICATIONS,WWV_FLOW_AUTHENTICATIONS_UK,NAME,2
APEX_220200,WWV_FLOW_AUTOMATIONS,WWV_AM_NAME_UK,FLOW_ID,1
APEX_220200,WWV_FLOW_AUTOMATIONS,WWV_AM_NAME_UK,NAME,2
APEX_220200,WWV_FLOW_AUTOMATIONS,WWV_AM_STATIC_ID_UK,FLOW_ID,1
APEX_220200,WWV_FLOW_AUTOMATIONS,WWV_AM_STATIC_ID_UK,STATIC_ID,2
APEX_220200,WWV_FLOW_AUTOMATION_ACTIONS,WWV_AM_ACTION_NAME_UK,FLOW_ID,1
APEX_220200,WWV_FLOW_AUTOMATION_ACTIONS,WWV_AM_ACTION_NAME_UK,AUTOMATION_ID,2
APEX_220200,WWV_FLOW_AUTOMATION_ACTIONS,WWV_AM_ACTION_NAME_UK,NAME,3
APEX_220200,WWV_FLOW_CARDS,CARD_PAGE_UK,FLOW_ID,1
APEX_220200,WWV_FLOW_CARDS,CARD_PAGE_UK,PAGE_ID,2
APEX_220200,WWV_FLOW_CARDS,CARD_PAGE_UK,REGION_ID,3
APEX_220200,WWV_FLOW_COLLECTIONS$,WWV_FLOW_COLLECTIONS_UK,SESSION_ID,1
APEX_220200,WWV_FLOW_COLLECTIONS$,WWV_FLOW_COLLECTIONS_UK,USER_ID,2
APEX_220200,WWV_FLOW_COLLECTIONS$,WWV_FLOW_COLLECTIONS_UK,FLOW_ID,3
APEX_220200,WWV_FLOW_COLLECTIONS$,WWV_FLOW_COLLECTIONS_UK,COLLECTION_NAME,4
APEX_220200,WWV_FLOW_COLLECTIONS$,WWV_FLOW_COLLECTIONS_UK,SECURITY_GROUP_ID,5
APEX_220200,WWV_FLOW_COMBINED_FILES,WWV_FLOW_COMBINED_FILES_UK,FLOW_ID,1
APEX_220200,WWV_FLOW_COMBINED_FILES,WWV_FLOW_COMBINED_FILES_UK,COMBINED_FILE_URL,2
APEX_220200,WWV_FLOW_COMBINED_FILES,WWV_FLOW_COMBINED_FILES_UK,PAGE_ID,3
APEX_220200,WWV_FLOW_COMPANIES,WWV_FLOW_COMPANIES_CLOUD_UK,CLOUD_GROUP_NAME,1
APEX_220200,WWV_FLOW_COMPANIES,WWV_FLOW_COMPANIES_CLOUD_UK,CLOUD_SERVICE_NAME,2
APEX_220200,WWV_FLOW_COMPANIES,WWV_FLOW_COMPANIES_NAME_UK,SHORT_NAME,1
APEX_220200,WWV_FLOW_COMPANIES,WWV_FLOW_COMPANIES_PATH_UK,PATH_PREFIX,1
APEX_220200,WWV_FLOW_COMPANIES,WWV_FLOW_COMPANIES_PROV_UK,PROVISIONING_COMPANY_ID,1
APEX_220200,WWV_FLOW_COMPANY_STATIC_FILES,WWV_FLOW_COMP_STAT_FILE_UK,SECURITY_GROUP_ID,1
APEX_220200,WWV_FLOW_COMPANY_STATIC_FILES,WWV_FLOW_COMP_STAT_FILE_UK,FILE_NAME,2
APEX_220200,WWV_FLOW_CONTENT_CACHE1$,WWV_CONTENT_CACHE_RECORD_UN,SECURITY_GROUP_ID,1
APEX_220200,WWV_FLOW_CONTENT_CACHE1$,WWV_CONTENT_CACHE_RECORD_UN,FLOW_ID,2
APEX_220200,WWV_FLOW_CONTENT_CACHE1$,WWV_CONTENT_CACHE_RECORD_UN,COMPONENT_ID,3
APEX_220200,WWV_FLOW_CONTENT_CACHE1$,WWV_CONTENT_CACHE_RECORD_UN,USER_NAME,4
APEX_220200,WWV_FLOW_CONTENT_CACHE1$,WWV_CONTENT_CACHE_RECORD_UN,SESSION_ID,5
APEX_220200,WWV_FLOW_CONTENT_CACHE1$,WWV_CONTENT_CACHE_RECORD_UN,KEY,6
APEX_220200,WWV_FLOW_CONTENT_CACHE1$,WWV_CONTENT_CACHE_RECORD_UN,VALID_UNTIL,7
APEX_220200,WWV_FLOW_DATA_PROFILES,WWV_DATA_PROFILES_NAME_UK,FLOW_ID,1
APEX_220200,WWV_FLOW_DATA_PROFILES,WWV_DATA_PROFILES_NAME_UK,NAME,2
APEX_220200,WWV_FLOW_DATA_PROFILE_COLS,WWV_DATAPROF_COLS_NAME_UK,DATA_PROFILE_ID,1
APEX_220200,WWV_FLOW_DATA_PROFILE_COLS,WWV_DATAPROF_COLS_NAME_UK,NAME,2
APEX_220200,WWV_FLOW_DICTIONARY_VIEWS,WWV_FLOW_DICT_VIEW_NAME_UK,VIEW_NAME,1
APEX_220200,WWV_FLOW_EMAIL_TEMPLATES,WWV_FLOW_APP_EML_TEMP_NAME_UK,SECURITY_GROUP_ID,1
APEX_220200,WWV_FLOW_EMAIL_TEMPLATES,WWV_FLOW_APP_EML_TEMP_NAME_UK,FLOW_ID,2
APEX_220200,WWV_FLOW_EMAIL_TEMPLATES,WWV_FLOW_APP_EML_TEMP_NAME_UK,STATIC_ID,3
APEX_220200,WWV_FLOW_FND_USER,WWV_FLOW_FND_USER_UQ1,SECURITY_GROUP_ID,1
APEX_220200,WWV_FLOW_FND_USER,WWV_FLOW_FND_USER_UQ1,USER_NAME,2
APEX_220200,WWV_FLOW_FND_USER_GROUPS,WWV_FLOW_FND_USER_GROUPS_UK1,SECURITY_GROUP_ID,1
APEX_220200,WWV_FLOW_FND_USER_GROUPS,WWV_FLOW_FND_USER_GROUPS_UK1,GROUP_NAME,2
APEX_220200,WWV_FLOW_FND_USER_GROUPS,WWV_FLOW_FND_USER_GROUPS_UK1,FLOW_ID,3
APEX_220200,WWV_FLOW_FND_USER_GROUPS,WWV_FLOW_FND_USER_GROUPS_UK2,SECURITY_GROUP_ID,1
APEX_220200,WWV_FLOW_FND_USER_GROUPS,WWV_FLOW_FND_USER_GROUPS_UK2,STATIC_ID,2
APEX_220200,WWV_FLOW_FND_USER_GROUPS,WWV_FLOW_FND_USER_GROUPS_UK2,FLOW_ID,3
APEX_220200,WWV_FLOW_GALLERY_INSTALLS,WWV_FLOW_GALLERY_INST_UK,SECURITY_GROUP_ID,1
APEX_220200,WWV_FLOW_GALLERY_INSTALLS,WWV_FLOW_GALLERY_INST_UK,AUTHOR,2
APEX_220200,WWV_FLOW_GALLERY_INSTALLS,WWV_FLOW_GALLERY_INST_UK,INTERNAL_NAME,3
APEX_220200,WWV_FLOW_HNT_COLUMN_DICT,WWV_FHCD_UK,SECURITY_GROUP_ID,1
APEX_220200,WWV_FLOW_HNT_COLUMN_DICT,WWV_FHCD_UK,COLUMN_NAME,2
APEX_220200,WWV_FLOW_HNT_COLUMN_INFO,WWV_FLOW_HNT_COLUMN_INFO_UK,TABLE_ID,1
APEX_220200,WWV_FLOW_HNT_COLUMN_INFO,WWV_FLOW_HNT_COLUMN_INFO_UK,COLUMN_NAME,2
APEX_220200,WWV_FLOW_HNT_COL_DICT_SYN,WWV_FLOW_HNT_COL_DICT_SYN_UK,SECURITY_GROUP_ID,1
APEX_220200,WWV_FLOW_HNT_COL_DICT_SYN,WWV_FLOW_HNT_COL_DICT_SYN_UK,SYN_NAME,2
APEX_220200,WWV_FLOW_HNT_GROUPS,WWV_FLOW_HNT_GROUPS_UK,TABLE_ID,1
APEX_220200,WWV_FLOW_HNT_GROUPS,WWV_FLOW_HNT_GROUPS_UK,GROUP_NAME,2
APEX_220200,WWV_FLOW_HNT_TABLE_INFO,WWV_FLOW_HNT_TABLE_INFO_UK,SCHEMA,1
APEX_220200,WWV_FLOW_HNT_TABLE_INFO,WWV_FLOW_HNT_TABLE_INFO_UK,TABLE_NAME,2
APEX_220200,WWV_FLOW_IG_REPORT_CHART_COLS,IG_RPT_CHART_COL_UK,VIEW_ID,1
APEX_220200,WWV_FLOW_IG_REPORT_CHART_COLS,IG_RPT_CHART_COL_UK,COLUMN_TYPE,2
APEX_220200,WWV_FLOW_IG_REPORT_VIEWS,IG_RPT_VIEW_UK,REPORT_ID,1
APEX_220200,WWV_FLOW_IG_REPORT_VIEWS,IG_RPT_VIEW_UK,VIEW_TYPE,2
APEX_220200,WWV_FLOW_INTERACTIVE_GRIDS,IG_REGION_UK,REGION_ID,1
APEX_220200,WWV_FLOW_INVOKEAPI_COMP_PARAMS,WWV_INVOKEAPI_PARAM_UK,FLOW_ID,1
APEX_220200,WWV_FLOW_INVOKEAPI_COMP_PARAMS,WWV_INVOKEAPI_PARAM_UK,PAGE_PROCESS_ID,2
APEX_220200,WWV_FLOW_INVOKEAPI_COMP_PARAMS,WWV_INVOKEAPI_PARAM_UK,NAME,3
APEX_220200,WWV_FLOW_ISSUES,WWV_FLOW_ISSUE_U1,SECURITY_GROUP_ID,1
APEX_220200,WWV_FLOW_ISSUES,WWV_FLOW_ISSUE_U1,TITLE,2
APEX_220200,WWV_FLOW_ISSUES,WWV_FLOW_ISSUE_U2,SECURITY_GROUP_ID,1
APEX_220200,WWV_FLOW_ISSUES,WWV_FLOW_ISSUE_U2,SLUG,2
APEX_220200,WWV_FLOW_ISSUES,WWV_FLOW_ISSUE_U3,SECURITY_GROUP_ID,1
APEX_220200,WWV_FLOW_ISSUES,WWV_FLOW_ISSUE_U3,ISSUE_NUMBER,2
APEX_220200,WWV_FLOW_ISSUE_ATTACHMENTS,WWV_FLOW_ISSUE_ATTACHMENTS_U1,SECURITY_GROUP_ID,1
APEX_220200,WWV_FLOW_ISSUE_ATTACHMENTS,WWV_FLOW_ISSUE_ATTACHMENTS_U1,ISSUE_ID,2
APEX_220200,WWV_FLOW_ISSUE_ATTACHMENTS,WWV_FLOW_ISSUE_ATTACHMENTS_U1,FILE_NAME_SLUG,3
APEX_220200,WWV_FLOW_ISSUE_EMAIL_PREFS,WWV_FLOW_ISSUE_EMAIL_PREFS_U1,SECURITY_GROUP_ID,1
APEX_220200,WWV_FLOW_ISSUE_EMAIL_PREFS,WWV_FLOW_ISSUE_EMAIL_PREFS_U1,USER_ID,2
APEX_220200,WWV_FLOW_ISSUE_TEMPLATES,WWV_FLOW_ISSUE_TEMPLATES_U1,SECURITY_GROUP_ID,1
APEX_220200,WWV_FLOW_ISSUE_TEMPLATES,WWV_FLOW_ISSUE_TEMPLATES_U1,TEMPLATE_NAME,2
APEX_220200,WWV_FLOW_LABELS,WWV_FLOW_LABELS_U1,SECURITY_GROUP_ID,1
APEX_220200,WWV_FLOW_LABELS,WWV_FLOW_LABELS_U1,LABEL_NAME,2
APEX_220200,WWV_FLOW_LABELS,WWV_FLOW_LABELS_U2,SECURITY_GROUP_ID,1
APEX_220200,WWV_FLOW_LABELS,WWV_FLOW_LABELS_U2,LABEL_SLUG,2
APEX_220200,WWV_FLOW_LABEL_GROUPS,WWV_FLOW_LABEL_GROUPS_U1,SECURITY_GROUP_ID,1
APEX_220200,WWV_FLOW_LABEL_GROUPS,WWV_FLOW_LABEL_GROUPS_U1,GROUP_NAME,2
APEX_220200,WWV_FLOW_LIST_OF_VALUES_COLS,WWV_FLOW_LOVC_UK1,LOV_ID,1
APEX_220200,WWV_FLOW_LIST_OF_VALUES_COLS,WWV_FLOW_LOVC_UK1,QUERY_COLUMN_NAME,2
APEX_220200,WWV_FLOW_LOAD_TABLES,WWV_FLOW_LOAD_TAB_UK1,FLOW_ID,1
APEX_220200,WWV_FLOW_LOAD_TABLES,WWV_FLOW_LOAD_TAB_UK1,NAME,2
APEX_220200,WWV_FLOW_LOAD_TABLE_LOOKUPS,WWV_FLOW_LOAD_TAB_LK_UK1,LOAD_TABLE_ID,1
APEX_220200,WWV_FLOW_LOAD_TABLE_LOOKUPS,WWV_FLOW_LOAD_TAB_LK_UK1,LOAD_COLUMN_NAME,2
APEX_220200,WWV_FLOW_LOAD_TABLE_RULES,WWV_FLOW_LOAD_TAB_RULE_UK1,LOAD_TABLE_ID,1
APEX_220200,WWV_FLOW_LOAD_TABLE_RULES,WWV_FLOW_LOAD_TAB_RULE_UK1,LOAD_COLUMN_NAME,2
APEX_220200,WWV_FLOW_LOAD_TABLE_RULES,WWV_FLOW_LOAD_TAB_RULE_UK1,RULE_NAME,3
APEX_220200,WWV_FLOW_MAP_REGIONS,MAP_REGION_PAGE_UK,FLOW_ID,1
APEX_220200,WWV_FLOW_MAP_REGIONS,MAP_REGION_PAGE_UK,PAGE_ID,2
APEX_220200,WWV_FLOW_MAP_REGIONS,MAP_REGION_PAGE_UK,REGION_ID,3
APEX_220200,WWV_FLOW_MESSAGES$,WWV_FLOW_MESSAGES$_UQ,NAME,1
APEX_220200,WWV_FLOW_MESSAGES$,WWV_FLOW_MESSAGES$_UQ,FLOW_ID,2
APEX_220200,WWV_FLOW_MESSAGES$,WWV_FLOW_MESSAGES$_UQ,MESSAGE_LANGUAGE,3
APEX_220200,WWV_FLOW_MILESTONES,WWV_FLOW_MILESTONES_U1,SECURITY_GROUP_ID,1
APEX_220200,WWV_FLOW_MILESTONES,WWV_FLOW_MILESTONES_U1,MILESTONE_ID,2
APEX_220200,WWV_FLOW_MILESTONES,WWV_FLOW_MILESTONES_U2,SECURITY_GROUP_ID,1
APEX_220200,WWV_FLOW_MILESTONES,WWV_FLOW_MILESTONES_U2,MILESTONE_NAME,2
APEX_220200,WWV_FLOW_MILESTONES,WWV_FLOW_MILESTONES_U3,SECURITY_GROUP_ID,1
APEX_220200,WWV_FLOW_MILESTONES,WWV_FLOW_MILESTONES_U3,MILESTONE_SLUG,2
APEX_220200,WWV_FLOW_PAGE_TMPL_DISP_POINTS,WWV_PAGE_TMPL_DP_UK1,PAGE_TEMPLATE_ID,1
APEX_220200,WWV_FLOW_PAGE_TMPL_DISP_POINTS,WWV_PAGE_TMPL_DP_UK1,PLACEHOLDER,2
APEX_220200,WWV_FLOW_PDF_EXT_FNT_RANGES,PDF_EXT_FNT_RNG_UK,FONT_ID,1
APEX_220200,WWV_FLOW_PDF_EXT_FNT_RANGES,PDF_EXT_FNT_RNG_UK,START_CODEPOINT,2
APEX_220200,WWV_FLOW_PDF_EXT_FNT_RANGES,PDF_EXT_FNT_RNG_UK,END_CODEPOINT,3
APEX_220200,WWV_FLOW_PDF_FONTS,PDF_FNT_NAME_UK,FONT_NAME,1
APEX_220200,WWV_FLOW_PDF_STD_FNT_GLYPHS,PDF_STD_FNT_GLY_UK,FONT_ID,1
APEX_220200,WWV_FLOW_PDF_STD_FNT_GLYPHS,PDF_STD_FNT_GLY_UK,CHAR_CODE,2
APEX_220200,WWV_FLOW_PERSISTENT_AUTH$,WWV_PERSISTENT_AUTH_UN,SECURITY_GROUP_ID,1
APEX_220200,WWV_FLOW_PERSISTENT_AUTH$,WWV_PERSISTENT_AUTH_UN,COOKIE_VALUE,2
APEX_220200,WWV_FLOW_PERSISTENT_AUTH$,WWV_PERSISTENT_AUTH_UN,USER_NAME,3
APEX_220200,WWV_FLOW_PKG_APP_MAP,WWV_FLOW_PKG_APP_MAP_UK1,APP_ID,1
APEX_220200,WWV_FLOW_PKG_APP_MAP,WWV_FLOW_PKG_APP_MAP_UK1,SECURITY_GROUP_ID,2
APEX_220200,WWV_FLOW_PLUGINS,WWV_FLOW_PLUGIN_UK,FLOW_ID,1
APEX_220200,WWV_FLOW_PLUGINS,WWV_FLOW_PLUGIN_UK,PLUGIN_TYPE,2
APEX_220200,WWV_FLOW_PLUGINS,WWV_FLOW_PLUGIN_UK,NAME,3
APEX_220200,WWV_FLOW_PLUGIN_ATTRIBUTES,WWV_FLOW_PLUGIN_ATTR_UK,PLUGIN_ID,1
APEX_220200,WWV_FLOW_PLUGIN_ATTRIBUTES,WWV_FLOW_PLUGIN_ATTR_UK,ATTRIBUTE_SCOPE,2
APEX_220200,WWV_FLOW_PLUGIN_ATTRIBUTES,WWV_FLOW_PLUGIN_ATTR_UK,ATTRIBUTE_SEQUENCE_UK,3
APEX_220200,WWV_FLOW_PLUGIN_EVENTS,WWV_FLOW_PLUGIN_EVNT_UK,PLUGIN_ID,1
APEX_220200,WWV_FLOW_PLUGIN_EVENTS,WWV_FLOW_PLUGIN_EVNT_UK,NAME,2
APEX_220200,WWV_FLOW_PLUGIN_FILES,WWV_FLOW_PLUGIN_FILE_UK,PLUGIN_ID,1
APEX_220200,WWV_FLOW_PLUGIN_FILES,WWV_FLOW_PLUGIN_FILE_UK,FILE_NAME,2
APEX_220200,WWV_FLOW_PLUGIN_ITEM_FILTERS,WWV_FLOW_PLUGIN_IFLT_UK,PLUGIN_ID,1
APEX_220200,WWV_FLOW_PLUGIN_ITEM_FILTERS,WWV_FLOW_PLUGIN_IFLT_UK,NAME,2
APEX_220200,WWV_FLOW_PLUGIN_SETTINGS,WWV_FLOW_PLUGIN_SET_UK,FLOW_ID,1
APEX_220200,WWV_FLOW_PLUGIN_SETTINGS,WWV_FLOW_PLUGIN_SET_UK,PLUGIN_TYPE,2
APEX_220200,WWV_FLOW_PLUGIN_SETTINGS,WWV_FLOW_PLUGIN_SET_UK,PLUGIN,3
APEX_220200,WWV_FLOW_PLUGIN_STD_ATTRIBUTES,PLUGIN_STD_ATTRIBUTE_UK,PLUGIN_ID,1
APEX_220200,WWV_FLOW_PLUGIN_STD_ATTRIBUTES,PLUGIN_STD_ATTRIBUTE_UK,NAME,2
APEX_220200,WWV_FLOW_PLUG_TMPL_DISP_POINTS,WWV_PLUG_TMPL_DP_UK1,PLUG_TEMPLATE_ID,1
APEX_220200,WWV_FLOW_PLUG_TMPL_DISP_POINTS,WWV_PLUG_TMPL_DP_UK1,PLACEHOLDER,2
APEX_220200,WWV_FLOW_REGION_COLUMNS,REGION_COL_NAME_UK,REGION_ID,1
APEX_220200,WWV_FLOW_REGION_COLUMNS,REGION_COL_NAME_UK,NAME,2
APEX_220200,WWV_FLOW_REGION_UPD_RPT_COLS,WWV_FLOW_REGION_UPD_RPT_U_NAME,QUERY_COLUMN_NAME,1
APEX_220200,WWV_FLOW_REGION_UPD_RPT_COLS,WWV_FLOW_REGION_UPD_RPT_U_NAME,PLUG_ID,2
APEX_220200,WWV_FLOW_RT$PENDING_APPROVALS,WWV_FLOW_RT$PEND_APPRV_UNIQUE1,APPROVAL_ID,1
APEX_220200,WWV_FLOW_RT$PENDING_APPROVALS,WWV_FLOW_RT$PEND_APPRV_UNIQUE1,CLIENT_STATE,2
APEX_220200,WWV_FLOW_SEARCH_REGION_SOURCES,WWV_SRCHREGIONSRC_UN,SECURITY_GROUP_ID,1
APEX_220200,WWV_FLOW_SEARCH_REGION_SOURCES,WWV_SRCHREGIONSRC_UN,FLOW_ID,2
APEX_220200,WWV_FLOW_SEARCH_REGION_SOURCES,WWV_SRCHREGIONSRC_UN,SEARCH_REGION_ID,3
APEX_220200,WWV_FLOW_SEARCH_REGION_SOURCES,WWV_SRCHREGIONSRC_UN,SEARCH_CONFIG_ID,4
APEX_220200,WWV_FLOW_SEARCH_REGION_SOURCES,WWV_SRCHREGIONSRC_UN,USE_AS_INITIAL_RESULT,5
APEX_220200,WWV_FLOW_SHORTCUTS,WWV_FLOW_SHORTCUT_IDX1,FLOW_ID,1
APEX_220200,WWV_FLOW_SHORTCUTS,WWV_FLOW_SHORTCUT_IDX1,SHORTCUT_NAME,2
APEX_220200,WWV_FLOW_SHORTCUTS,WWV_FLOW_SHORTCUT_IDX1,SHORTCUT_CONSIDERATION_SEQ,3
APEX_220200,WWV_FLOW_STANDARD_EVENTS,WWV_FLOW_STD_EVNT_UK,NAME,1
APEX_220200,WWV_FLOW_STANDARD_EVENTS,WWV_FLOW_STD_EVNT_UK,EVENT_TYPE,2
APEX_220200,WWV_FLOW_STANDARD_ITEM_TYPES,WWV_FLOW_STD_ITEM_TYPE_UK,NAME,1
APEX_220200,WWV_FLOW_STATIC_FILES,WWV_FLOW_STATIC_FILES_UK,FLOW_ID,1
APEX_220200,WWV_FLOW_STATIC_FILES,WWV_FLOW_STATIC_FILES_UK,FILE_NAME,2
APEX_220200,WWV_FLOW_STEP_ITEMS,WWV_FLOW_STEP_ITEMS_U_NAME,NAME,1
APEX_220200,WWV_FLOW_STEP_ITEMS,WWV_FLOW_STEP_ITEMS_U_NAME,FLOW_ID,2
APEX_220200,WWV_FLOW_TASK_DEFS,WWV_TASK_DEF_NAME_UK,FLOW_ID,1
APEX_220200,WWV_FLOW_TASK_DEFS,WWV_TASK_DEF_NAME_UK,NAME,2
APEX_220200,WWV_FLOW_TASK_DEFS,WWV_TASK_DEF_STATIC_ID_UK,FLOW_ID,1
APEX_220200,WWV_FLOW_TASK_DEFS,WWV_TASK_DEF_STATIC_ID_UK,STATIC_ID,2
APEX_220200,WWV_FLOW_TASK_DEF_ACTIONS,WWV_TASK_DEF_ACT_UK,FLOW_ID,1
APEX_220200,WWV_FLOW_TASK_DEF_ACTIONS,WWV_TASK_DEF_ACT_UK,TASK_DEF_ID,2
APEX_220200,WWV_FLOW_TASK_DEF_ACTIONS,WWV_TASK_DEF_ACT_UK,NAME,3
APEX_220200,WWV_FLOW_TASK_DEF_PARAMS,WWV_TASK_DEF_PARAM_UK,TASK_DEF_ID,1
APEX_220200,WWV_FLOW_TASK_DEF_PARAMS,WWV_TASK_DEF_PARAM_UK,STATIC_ID,2
APEX_220200,WWV_FLOW_TEMPLATE_OPTIONS,WWV_FLOW_TEMPLATE_OPT_UK,FLOW_ID,1
APEX_220200,WWV_FLOW_TEMPLATE_OPTIONS,WWV_FLOW_TEMPLATE_OPT_UK,THEME_ID,2
APEX_220200,WWV_FLOW_TEMPLATE_OPTIONS,WWV_FLOW_TEMPLATE_OPT_UK,NAME,3
APEX_220200,WWV_FLOW_TEMPLATE_OPTIONS,WWV_FLOW_TEMPLATE_OPT_UK,VIRTUAL_TEMPLATE_TYPE,4
APEX_220200,WWV_FLOW_TEMPLATE_OPTIONS,WWV_FLOW_TEMPLATE_OPT_UK,VIRTUAL_TEMPLATE_ID,5
APEX_220200,WWV_FLOW_TEMPLATE_OPTIONS,WWV_FLOW_TEMPLATE_OPT_UK2,FLOW_ID,1
APEX_220200,WWV_FLOW_TEMPLATE_OPTIONS,WWV_FLOW_TEMPLATE_OPT_UK2,THEME_ID,2
APEX_220200,WWV_FLOW_TEMPLATE_OPTIONS,WWV_FLOW_TEMPLATE_OPT_UK2,CSS_CLASSES,3
APEX_220200,WWV_FLOW_TEMPLATE_OPTIONS,WWV_FLOW_TEMPLATE_OPT_UK2,VIRTUAL_TEMPLATE_TYPE,4
APEX_220200,WWV_FLOW_TEMPLATE_OPTIONS,WWV_FLOW_TEMPLATE_OPT_UK2,VIRTUAL_TEMPLATE_ID,5
APEX_220200,WWV_FLOW_TEMPLATE_OPT_GROUPS,WWV_FLOW_TEMPLATE_OPT_GRP_UK,FLOW_ID,1
APEX_220200,WWV_FLOW_TEMPLATE_OPT_GROUPS,WWV_FLOW_TEMPLATE_OPT_GRP_UK,THEME_ID,2
APEX_220200,WWV_FLOW_TEMPLATE_OPT_GROUPS,WWV_FLOW_TEMPLATE_OPT_GRP_UK,TEMPLATE_TYPES,3
APEX_220200,WWV_FLOW_TEMPLATE_OPT_GROUPS,WWV_FLOW_TEMPLATE_OPT_GRP_UK,NAME,4
APEX_220200,WWV_FLOW_THEME_FILES,WWV_FLOW_THEME_FILES_UK,FLOW_ID,1
APEX_220200,WWV_FLOW_THEME_FILES,WWV_FLOW_THEME_FILES_UK,THEME_ID,2
APEX_220200,WWV_FLOW_THEME_FILES,WWV_FLOW_THEME_FILES_UK,FILE_NAME,3
APEX_220200,WWV_FLOW_THEME_STYLES,WWV_FLOW_THEME_STYLE_UK,FLOW_ID,1
APEX_220200,WWV_FLOW_THEME_STYLES,WWV_FLOW_THEME_STYLE_UK,THEME_ID,2
APEX_220200,WWV_FLOW_THEME_STYLES,WWV_FLOW_THEME_STYLE_UK,NAME,3
APEX_220200,WWV_FLOW_WEB_ENTRY_POINTS,WWV_FLOW_WEB_ENTRY_POINTS_UK,NAME,1
APEX_220200,WWV_FLOW_WEB_SRC_MODULES,WWV_WEBSRC_MODULE_NAME_UK,FLOW_ID,1
APEX_220200,WWV_FLOW_WEB_SRC_MODULES,WWV_WEBSRC_MODULE_NAME_UK,NAME,2
APEX_220200,WWV_FLOW_WEB_SRC_MODULES,WWV_WEBSRC_MODULE_STATICID_UK,FLOW_ID,1
APEX_220200,WWV_FLOW_WEB_SRC_MODULES,WWV_WEBSRC_MODULE_STATICID_UK,STATIC_ID,2
APEX_220200,WWV_FLOW_WEB_SRC_OPERATIONS,WWV_WEBSRC_OPERS_OPER_UK,FLOW_ID,1
APEX_220200,WWV_FLOW_WEB_SRC_OPERATIONS,WWV_WEBSRC_OPERS_OPER_UK,WEB_SRC_MODULE_ID,2
APEX_220200,WWV_FLOW_WEB_SRC_OPERATIONS,WWV_WEBSRC_OPERS_OPER_UK,URL_PATTERN,3
APEX_220200,WWV_FLOW_WEB_SRC_OPERATIONS,WWV_WEBSRC_OPERS_OPER_UK,OPERATION,4
APEX_220200,WWV_FLOW_WEB_SRC_PARAMS,WWV_WEBSRC_PARAMETER_UK,FLOW_ID,1
APEX_220200,WWV_FLOW_WEB_SRC_PARAMS,WWV_WEBSRC_PARAMETER_UK,WEB_SRC_MODULE_ID,2
APEX_220200,WWV_FLOW_WEB_SRC_PARAMS,WWV_WEBSRC_PARAMETER_UK,WEB_SRC_OPERATION_ID,3
APEX_220200,WWV_FLOW_WEB_SRC_PARAMS,WWV_WEBSRC_PARAMETER_UK,DIRECTION,4
APEX_220200,WWV_FLOW_WEB_SRC_PARAMS,WWV_WEBSRC_PARAMETER_UK,NAME,5
APEX_220200,WWV_FLOW_WORKSHEET_COLUMNS,WWV_FLOW_WORKSHEET_COLUMNS_UK2,WORKSHEET_ID,1
APEX_220200,WWV_FLOW_WORKSHEET_COLUMNS,WWV_FLOW_WORKSHEET_COLUMNS_UK2,DB_COLUMN_NAME,2
APEX_220200,WWV_FLOW_WORKSHEET_COL_GROUPS,WWV_FLOW_WORKSHEET_COL_GRPS_UK,WORKSHEET_ID,1
APEX_220200,WWV_FLOW_WORKSHEET_COL_GROUPS,WWV_FLOW_WORKSHEET_COL_GRPS_UK,NAME,2
APEX_220200,WWV_FLOW_WORKSHEET_COMPUTATION,WWV_FLOW_WS_COMP_COLS_UK,REPORT_ID,1
APEX_220200,WWV_FLOW_WORKSHEET_COMPUTATION,WWV_FLOW_WS_COMP_COLS_UK,DB_COLUMN_NAME,2
APEX_220200,WWV_FLOW_WORKSHEET_COMPUTATION,WWV_FLOW_WS_COMP_COLS_UK2,REPORT_ID,1
APEX_220200,WWV_FLOW_WORKSHEET_COMPUTATION,WWV_FLOW_WS_COMP_COLS_UK2,COLUMN_IDENTIFIER,2
APEX_220200,WWV_PE_COMPONENT_PROPS,WWV_PE_COMPONENT_PROP_UK,COMPONENT_TYPE_ID,1
APEX_220200,WWV_PE_COMPONENT_PROPS,WWV_PE_COMPONENT_PROP_UK,PROPERTY_ID,2
APEX_220200,WWV_PE_COMPONENT_TYPES,WWV_PE_COMPONENT_TYPE_UK,NAME,1
APEX_220200,WWV_PE_DISPLAY_GROUPS,WWV_PE_DISPLAY_GROUP_UK,NAME,1
APEX_220200,WWV_PE_PROPERTIES,WWV_PE_PROPERTY_UK,NAME,1
APEX_220200,WWV_PE_PROPERTY_LOV_VALUES,WWV_PE_PROP_LOV_VAL_UK,PROPERTY_ID,1
APEX_220200,WWV_PE_PROPERTY_LOV_VALUES,WWV_PE_PROP_LOV_VAL_UK,RETURN_VALUE,2
APEX_220200,WWV_REMOTE_SERVERS,WWV_REMOTE_SRVR_WS_NAME_UK,SECURITY_GROUP_ID,1
APEX_220200,WWV_REMOTE_SERVERS,WWV_REMOTE_SRVR_WS_NAME_UK,NAME,2
APEX_220200,WWV_REMOTE_SERVERS,WWV_REMOTE_SRVR_WS_STID_UK,SECURITY_GROUP_ID,1
APEX_220200,WWV_REMOTE_SERVERS,WWV_REMOTE_SRVR_WS_STID_UK,STATIC_ID,2
APEX_220200,WWV_WEB_SRC_CATALOGS,WWV_WEBSRC_CATALOGS_INTNAME_UK,SECURITY_GROUP_ID,1
APEX_220200,WWV_WEB_SRC_CATALOGS,WWV_WEBSRC_CATALOGS_INTNAME_UK,INTERNAL_NAME,2
APEX_220200,WWV_WEB_SRC_CATALOGS,WWV_WEBSRC_CATALOGS_NAME_UK,CATALOG_GROUP_ID,1
APEX_220200,WWV_WEB_SRC_CATALOGS,WWV_WEBSRC_CATALOGS_NAME_UK,NAME,2
APEX_220200,WWV_WEB_SRC_CATALOG_GROUPS,WWV_WEBSRC_CATGRPS_NAME_UK,SECURITY_GROUP_ID,1
APEX_220200,WWV_WEB_SRC_CATALOG_GROUPS,WWV_WEBSRC_CATGRPS_NAME_UK,NAME,2
APEX_220200,WWV_WEB_SRC_CATALOG_PLUGINS,WWV_WEBSRC_CATPLGS_NAME_UK,CATALOG_ID,1
APEX_220200,WWV_WEB_SRC_CATALOG_PLUGINS,WWV_WEBSRC_CATPLGS_NAME_UK,PLUGIN_INTERNAL_NAME,2
APEX_220200,WWV_WEB_SRC_CATALOG_SERVICES,WWV_WEBSRC_CATSRVCS_NAME_UK,CATALOG_ID,1
APEX_220200,WWV_WEB_SRC_CATALOG_SERVICES,WWV_WEBSRC_CATSRVCS_NAME_UK,NAME,2
BORESCOPE,BORESCOPE_TYPE,BORESCOPE_TYPE_NSN_U,NSN,1
BORESCOPE,CONTRACTORS,CONT_NAME_UK,NAME,1
BORESCOPE,LOCATIONS,LOC_SRAN_U,SRAN,1
BORESCOPE,NSN_LOOKUP,NSN_LOOKUP_SI_U,SYS_ID,1
CAMS_2LM,CAMS_PARTS,P_UK,P_ID,1
CFUSER,AM_SOURCE,UQ_SOURCE_SERNO,SYS_ID,1
CFUSER,AM_SOURCE,UQ_SOURCE_SERNO,SERNO,2
CFUSER,CF_INV_SYSTEMS,UQ_CFINVSYS,MDS,1
CFUSER,CF_INV_SYSTEMS,UQ_CFINVSYS,PARTNO,2
CFUSER,CF_INV_SYSTEMS,UQ_CFINVSYS,VERSION,3
CFUSER,PROJ_REQ,UNQ_PJREQ,PROJ_NAME,1
CFUSER,PROJ_REQ,UNQ_PJREQ,REQ_NO,2
CFUSER,SE_TEST_EQUIP,UQ_SE_TEQUIP_CAP,ASSET_ID,1
CFUSER,SE_TEST_EQUIP,UQ_SE_TEQUIP_CAP,TESTER,2
CFUSER,SE_TEST_EQUIP,UQ_SE_TEQUIP_CAP,CAPABILITY,3
CFUSER,SE_TEST_EQUIP,UQ_SE_TEQUIP_SN,SERNO,1
CORE_TABLES,AUX_MDS_LOC,AML_MDSID_LOCID_LOC_TYPE_UK,MDS_ID,1
CORE_TABLES,AUX_MDS_LOC,AML_MDSID_LOCID_LOC_TYPE_UK,LOC_ID,2
CORE_TABLES,AUX_MDS_LOC,AML_MDSID_LOCID_LOC_TYPE_UK,LOC_TYPE_ID,3
CORE_TABLES,CFG_METERS,CFG_METERS_U01,ASSET_ID,1
CORE_TABLES,CFG_METERS,CFG_METERS_U01,CHG_DATE,2
CORE_TABLES,CFG_METERS,CFG_METERS_U01,EFF_DATE,3
CORE_TABLES,CFG_METERS,CFG_METERS_U01,VALUE_OUT,4
CORE_TABLES,CFG_PHYSICAL,CPT_UNQ,ASSET_ID,1
CORE_TABLES,CFG_PHYSICAL,CPT_UNQ,NHA_ASSET_ID,2
CORE_TABLES,CFG_PHYSICAL_HIST,CPHT_UNQ,ASSET_ID,1
CORE_TABLES,CFG_PHYSICAL_HIST,CPHT_UNQ,NHA_ASSET_ID,2
CORE_TABLES,CFG_PHYSICAL_HIST,CPHT_UNQ,CHG_DATE,3
CORE_TABLES,INV_ASSETS,IAT_CFO_UK,CFO_ASSET_ID,1
CORE_TABLES,INV_ASSETS,IAT_UK,SYS_ID,1
CORE_TABLES,INV_ASSETS,IAT_UK,SERNO,2
CORE_TABLES,INV_ASSETS_HIST,INV_ASSETS_HIST_PK_UK,ASSET_ID,1
CORE_TABLES,INV_ASSETS_HIST,INV_ASSETS_HIST_PK_UK,CHG_DATE,2
CORE_TABLES,INV_SYSTEMS,ISM_UK,CAGE,1
CORE_TABLES,INV_SYSTEMS,ISM_UK,PARTNO,2
CORE_TABLES,INV_SYSTEMS,ISM_UK,VERSION,3
CORE_TABLES,INV_SYSTEMS_HIST,INV_SYSTEMS_HIST_PK_UK,CHG_DATE,1
CORE_TABLES,INV_SYSTEMS_HIST,INV_SYSTEMS_HIST_PK_UK,SYS_ID,2
CORE_TABLES,INV_SYS_OLD_PN,ISN_UK,SYS_ID,1
CORE_TABLES,INV_SYS_OLD_PN,ISN_UK,PARTNO,2
CORE_TABLES,INV_TCTO,ITO2_UK,TCTO_NO,1
CORE_TABLES,INV_TCTO,ITO2_UK,PROGRAM_ID,2
CORE_TABLES,INV_TCTO,ITO2_UK,SYS_TYPE,3
CORE_TABLES,INV_TCTO_HIST,INV_TCTO_HIST_PK_UK,CHG_DATE,1
CORE_TABLES,INV_TCTO_HIST,INV_TCTO_HIST_PK_UK,TCTO_ID,2
CORE_TABLES,INV_VERIFICATION,INV_VERIFICATION_UK,ASSET_ID,1
CORE_TABLES,INV_VERIFICATION,IVN_UK,ASSET_ID,1
CORE_TABLES,INV_VERIFICATION,IVN_UK,VERIFY_DATE,2
CORE_TABLES,INV_VERIFICATION_HIST,IVNH2_UK,ASSET_ID,1
CORE_TABLES,INV_VERIFICATION_HIST,IVNH2_UK,VERIFY_DATE,2
CORE_TABLES,INV_VERIFICATION_HIST,IVNH2_UK,CHG_DATE,3
CORE_TABLES,LU_CODE,LCDE_UK,CODE_TYPE_ID,1
CORE_TABLES,LU_CODE,LCDE_UK,CODE_VALUE,2
CORE_TABLES,LU_CODE_HIST,LU_CODE_HIST_PK_UK,CHG_DATE,1
CORE_TABLES,LU_CODE_HIST,LU_CODE_HIST_PK_UK,CODE_ID,2
CORE_TABLES,LU_CODE_TYPE,LCE_UK,NAME,1
CORE_TABLES,LU_CODE_TYPE_HIST,LU_CODE_TYPE_HIST_PK_UK,CHG_DATE,1
CORE_TABLES,LU_CODE_TYPE_HIST,LU_CODE_TYPE_HIST_PK_UK,CODE_TYPE_ID,2
CORE_TABLES,LU_CONTRACTS,LCT_UK,CONTRACT_NBR,1
CORE_TABLES,LU_CONTRACTS,LCT_UK,LOC_ID,2
CORE_TABLES,LU_CONTRACTS_HIST,LU_CONTRACTS_HIST_PK_UK,CHG_DATE,1
CORE_TABLES,LU_CONTRACTS_HIST,LU_CONTRACTS_HIST_PK_UK,CONTRACT_ID,2
CORE_TABLES,LU_LOCATIONS,LU_LOCATIONS_UK,SQUAD,1
CORE_TABLES,LU_LOCATIONS,LU_LOCATIONS_UK,UNIT,2
CORE_TABLES,LU_LOCATIONS,LU_LOCATIONS_UK,BASE,3
CORE_TABLES,LU_LOCATIONS_HIST,LU_LOCATIONS_HIST_PK_UK,CHG_DATE,1
CORE_TABLES,LU_LOCATIONS_HIST,LU_LOCATIONS_HIST_PK_UK,LOC_ID,2
CORE_TABLES,LU_VALIDATORS,LVR_UK,VAL_EMAIL,1
CORE_TABLES,LU_VALIDATORS_HIST,LU_VALIDATORS_HIST_PK_UK,CHG_DATE,1
CORE_TABLES,LU_VALIDATORS_HIST,LU_VALIDATORS_HIST_PK_UK,VALIDATOR_ID,2
CORE_TABLES,LU_VALID_LOCS,LVC_UK,LOC_ID,1
CORE_TABLES,LU_VALID_LOCS,LVC_UK,PROGRAM_ID,2
CORE_TABLES,LU_VALID_LOCS_HIST,LU_VALID_LOCS_HIST_PK_UK,CHG_DATE,1
CORE_TABLES,LU_VALID_LOCS_HIST,LU_VALID_LOCS_HIST_PK_UK,VALID_LOC_ID,2
CORE_TABLES,MAINT_EVENTS,MAINT_EVENTS_UK,ASSET_ID,1
CORE_TABLES,MAINT_EVENTS,MAINT_EVENTS_UK,EVENT_START,2
CORE_TABLES,MAINT_TEST,MTT_PK,TEST_CODE,1
CORE_TABLES,MAINT_TEST,MTT_PK,REPAIR_ID,2
CORE_TABLES,REQUISITIONS,REN_UK,ASSET_ID,1
CORE_TABLES,REQUISITIONS,REN_UK,OBRN,2
CORE_TABLES,USER_PREF,UPF_UK,EMAIL,1
DBSFWUSER,ACL$_OBJ,SYS_C00190533,NAME,1
DBSFWUSER,EXADIRECT_ACL,SYS_C00190528,SERVICE_NAME,1
DBSFWUSER,EXADIRECT_ACL,SYS_C00190528,VM_UUID,2
DBSFWUSER,IP_ACL,SYS_C00190530,SERVICE_NAME,1
DBSFWUSER,IP_ACL,SYS_C00190530,HOST,2
DEATONJ,RAMPOD_INV1,UQ2_1,EW_MDS,1
DEATONJ,RAMPOD_INV1,UQ2_1,EW_PARTNO,2
DEATONJ,RAMPOD_INV1,UQ2_1,EW_SERNO,3
DEATONJ,RAMPOD_INV1,UQ2_1,CINV_TIME_STAMP,4
EJIMS,DESC_AAC,DESC_AAC_U01,AAC_CODE,1
EJIMS,DESC_CLIN,DESC_CLIN_U01,FUNDYEAR,1
EJIMS,DESC_CLIN,DESC_CLIN_U01,CLIN,2
EJIMS,DESC_CLIN,DESC_CLIN_U01,ACRN,3
EJIMS,KIT_AUTH,KIT_AUTH_U01,LOCATIONID,1
EJIMS,KIT_AUTH,KIT_AUTH_U01,PARTID,2
EJIMS,PARTS,PARTS_U01,PART_NUM,1
ETTS,ORG_UNIT_ASSOC,ORG_UNIT_ASSOC_R01,PARENT_ORG_ID,1
ETTS,ORG_UNIT_ASSOC,ORG_UNIT_ASSOC_R01,CHILD_ORG_ID,2
ETTS,ROLE_TYPE,ROLE_TYPE_U01,ROLE_TYPE_NAME,1
EWREPORTS,REPORT,REPORT_NAME_UK,NAME,1
GLOBALEYE,ADM_VARIABLE,UNQ_ADMVAR_GRPVAL,VAR_GROUP,1
GLOBALEYE,ADM_VARIABLE,UNQ_ADMVAR_GRPVAL,VAR_VALUE,2
GLOBALEYE,ASSET,UNQ_ASSET,PARTNO_ID,1
GLOBALEYE,ASSET,UNQ_ASSET,SERNO,2
GLOBALEYE,ATE_CAP,UNQ_ATECAP_TC,TESTER,1
GLOBALEYE,ATE_CAP,UNQ_ATECAP_TC,CAPABILITY,2
GLOBALEYE,ATE_JOB_STANDARD,UNQ_JST_NOLOCSYS,JST_NO,1
GLOBALEYE,ATE_JOB_STANDARD,UNQ_JST_NOLOCSYS,LOC_ID,2
GLOBALEYE,ATE_JOB_STANDARD,UNQ_JST_NOLOCSYS,SYS_ID,3
GLOBALEYE,CFG_SET,UNQ_CFGSET_NAME,CFG_NAME,1
GLOBALEYE,CODE,UNQ_CODE_TYPEVAL,CODE_TYPE,1
GLOBALEYE,CODE,UNQ_CODE_TYPEVAL,CODE_VALUE,2
GLOBALEYE,CODE_BY_CODE,UNQ_CBC_CODES,GROUP_CD,1
GLOBALEYE,CODE_BY_CODE,UNQ_CBC_CODES,CODE_A,2
GLOBALEYE,CODE_BY_CODE,UNQ_CBC_CODES,CODE_B,3
GLOBALEYE,CODE_BY_CODE,UNQ_CBC_CODES,LOC_ID,4
GLOBALEYE,CODE_BY_LOC,UNQ_CBL_GROUP,LOC_ID,1
GLOBALEYE,CODE_BY_LOC,UNQ_CBL_GROUP,CODE_ID,2
GLOBALEYE,CODE_BY_LOC,UNQ_CBL_GROUP,GROUP_CD,3
GLOBALEYE,CODE_GROUP,UNQ_CDGRP_GRPCD,GROUP_CD,1
GLOBALEYE,CODE_GROUP,UNQ_CDGRP_GRPCD,CODE_ID,2
GLOBALEYE,EVENT,UNQ_EVENT_JOB_LOC,JOB_NO,1
GLOBALEYE,EVENT,UNQ_EVENT_JOB_LOC,LOC_ID,2
GLOBALEYE,LABOR,UNQ_LABOR_SEQ,REPAIR_ID,1
GLOBALEYE,LABOR,UNQ_LABOR_SEQ,LABOR_SEQ,2
GLOBALEYE,LOCATION,UNQ_LOC_STEUNTSQD,SITE_CD,1
GLOBALEYE,LOCATION,UNQ_LOC_STEUNTSQD,UNIT_CD,2
GLOBALEYE,LOCATION,UNQ_LOC_STEUNTSQD,SQUAD_CD,3
GLOBALEYE,LOC_BY_LOC,UNQ_LBL_GROUP,GROUP_CD,1
GLOBALEYE,LOC_BY_LOC,UNQ_LBL_GROUP,LOC_ID1,2
GLOBALEYE,LOC_BY_LOC,UNQ_LBL_GROUP,LOC_ID2,3
GLOBALEYE,LOC_SET,UNQ_LOCSET_NAMELOC,SET_NAME,1
GLOBALEYE,LOC_SET,UNQ_LOCSET_NAMELOC,LOC_ID,2
GLOBALEYE,LOGISTICS,UNQ_LOGISTICS,LOG_TYPE,1
GLOBALEYE,LOGISTICS,UNQ_LOGISTICS,LOG_DATE,2
GLOBALEYE,LOGISTICS,UNQ_LOGISTICS,DEST_LOC_ID,3
GLOBALEYE,LOGISTICS,UNQ_LOGISTICS,ASSET_ID,4
GLOBALEYE,PART_LIST,UNQ_PNLIST_MPV,MDS_CD,1
GLOBALEYE,PART_LIST,UNQ_PNLIST_MPV,PARTNO,2
GLOBALEYE,PART_LIST,UNQ_PNLIST_MPV,VERSION,3
GLOBALEYE,REPAIR,UNQ_REPAIR_SEQ,EVENT_ID,1
GLOBALEYE,REPAIR,UNQ_REPAIR_SEQ,REPAIR_SEQ,2
GLOBALEYE,SOFTWARE,UNQ_SW_NAME,SW_NUMBER,1
GLOBALEYE,SOFTWARE,UNQ_SW_NAME,REVISION,2
GLOBALEYE,SORTIES,UNQ_SORTIE,MISSION_ID,1
GLOBALEYE,SORTIES,UNQ_SORTIE,SERNO,2
GLOBALEYE,SORTIES,UNQ_SORTIE,AC_TAILNO,3
GLOBALEYE,SORTIES,UNQ_SORTIE,SORTIE_DATE,4
GLOBALEYE,USER_GROUP,UNQ_USRGRP_TYPSYSLOC,GROUP_CD,1
GLOBALEYE,USER_GROUP,UNQ_USRGRP_TYPSYSLOC,USER_TYPE,2
GLOBALEYE,USER_GROUP,UNQ_USRGRP_TYPSYSLOC,USER_ID,3
GLOBALEYE,USER_GROUP,UNQ_USRGRP_TYPSYSLOC,SYS_ID,4
GLOBALEYE,USER_GROUP,UNQ_USRGRP_TYPSYSLOC,LOC_ID,5
GSMADMIN_INTERNAL,CATALOG_REQUESTS,SYS_C00191403,SYS_NC0000400005$,1
GSMADMIN_INTERNAL,DATABASE,NAME_UNIQUE,NAME,1
GSMADMIN_INTERNAL,GSM_REQUESTS,SYS_C00162180,SYS_NC0001400015$,1
GSMADMIN_INTERNAL,REGION,NUM_UNIQUE,NUM,1
GSMADMIN_INTERNAL,SHARD_GROUP,SG_NAME_UNIQUE,NAME,1
GSMADMIN_INTERNAL,SHARD_SPACE,SS_NAME_UNIQUE,NAME,1
GSMADMIN_INTERNAL,VNCR,VNCR_NAME,NAME,1
HTS,HTS_LU_CODE_HIST,HTS_LCH_PK_UK,CHG_DATE,1
HTS,HTS_LU_CODE_HIST,HTS_LCH_PK_UK,CODE_ID,2
HTS,HTS_LU_CODE_TYPE_HIST,HTS_LCTH_PK_UK,CHG_DATE,1
HTS,HTS_LU_CODE_TYPE_HIST,HTS_LCTH_PK_UK,CODE_TYPE_ID,2
HTS,POD_PRIME,POD_PRIME_UK1,MSN,1
INT_UMS,CLIENT_PARAMETER,CLIENT_PARAMETER_PARAM_ID_UQ,PARAMETER_ID,1
INT_UMS,DEVICE_ADDRESS,DEVICE_ADDRESS_ADDRS_DELIV_UQ,ADDRESS,1
INT_UMS,DEVICE_ADDRESS,DEVICE_ADDRESS_ADDRS_DELIV_UQ,DELIVERY_MODE,2
INT_UMS,DEVICE_ADDRESS,DEVICE_ADDRESS_USER_NAME_UQ,USER_GUID,1
INT_UMS,DEVICE_ADDRESS,DEVICE_ADDRESS_USER_NAME_UQ,NAME,2
INT_UMS,MESSAGE_TRANSFORM,MESSAGE_TRANSFORM_MSG_ID_UQ,TRANSFORM_MESSAGE_ID,1
INT_UMS,USER_DEVICE,USER_DEVICE_USER_GUID_NAME_UQ,USER_GUID,1
INT_UMS,USER_DEVICE,USER_DEVICE_USER_GUID_NAME_UQ,NAME,2
INT_WLS,WEBLOGIC_TIMERS,SYS_C00183344,USER_KEY,1
INVENTORY,INV_ASSETS,IA_SER_SYS_UQ,SERNO,1
INVENTORY,INV_ASSETS,IA_SER_SYS_UQ,SYS_ID,2
INVENTORY,LU_LOCATIONS,LU_LOC_UNIT_SQUAD_UQ,UNIT,1
INVENTORY,LU_LOCATIONS,LU_LOC_UNIT_SQUAD_UQ,SQUAD,2
INVENTORY,REQUISITIONS,REQ_OBRN_UNQ_UK,OBRN,1
JSTARS,JS_LOCATIONS,JS_LOCATIONS_UK1,BARCODE,1
JSTARS,JS_LOCATIONS,JS_LOCATIONS__UN,NAME,1
JSTARS,JS_LOCATIONS,JS_LOCATIONS__UN,LOC_TYPE_CD,2
LANTIRN,LSD_AUDIT,LSD_AUDIT_UQ,AUDIT_DATE,1
LANTIRN,LSD_AUDIT,LSD_AUDIT_UQ,CTRL_NUMBER,2
LANTIRN,LSD_AUDIT,LSD_AUDIT_UQ,TABLE_FROM,3
LANTIRN,LSD_AUDIT,LSD_AUDIT_UQ,TABLE_TO,4
LANTIRN,LSD_BIT,LSD_BIT_UQ,AF_WING,1
LANTIRN,LSD_BIT,LSD_BIT_UQ,DDR,2
LANTIRN,LSD_BIT,LSD_BIT_UQ,EVENT_ID,3
LANTIRN,LSD_BIT,LSD_BIT_UQ,RM_PN,4
LANTIRN,LSD_BIT,LSD_BIT_UQ,WCE,5
LANTIRN,LSD_DDR_DETAIL,LSD_DDR_DETAIL_UQ,AF_WING,1
LANTIRN,LSD_DDR_DETAIL,LSD_DDR_DETAIL_UQ,DDR,2
LANTIRN,LSD_DDR_DETAIL,LSD_DDR_DETAIL_UQ,EVENT_ID,3
LANTIRN,LSD_DDR_DETAIL,LSD_DDR_DETAIL_UQ,START_DATE,4
LANTIRN,LSD_DDR_DETAIL,LSD_DDR_DETAIL_UQ,WCE,5
LANTIRN,LSD_EVENT,LSD_EVENT_UQ,AF_WING,1
LANTIRN,LSD_EVENT,LSD_EVENT_UQ,EVENT_ID,2
LANTIRN,LSD_EVENT_DETAIL,LSD_EVENT_DETAIL_UQ,AF_WING,1
LANTIRN,LSD_EVENT_DETAIL,LSD_EVENT_DETAIL_UQ,EVENT_ID,2
LANTIRN,LSD_METERS_DETAIL,LSD_METERS_DETAIL_UQ,AF_WING,1
LANTIRN,LSD_METERS_DETAIL,LSD_METERS_DETAIL_UQ,EVENT_ID,2
LANTIRN,LSD_METERS_DETAIL,LSD_METERS_DETAIL_UQ,SEQNUM,3
LANTIRN,LSD_PARTS,LSD_PARTS_UQ,AF_WING,1
LANTIRN,LSD_PARTS,LSD_PARTS_UQ,DDR,2
LANTIRN,LSD_PARTS,LSD_PARTS_UQ,EVENT_ID,3
LANTIRN,LSD_PARTS,LSD_PARTS_UQ,WCE,4
LANTIRN,LSD_PARTS_DETAIL,UK_PARTS_DETAIL,AF_WING,1
LANTIRN,LSD_PARTS_DETAIL,UK_PARTS_DETAIL,EVENT_ID,2
LANTIRN,LSD_PARTS_DETAIL,UK_PARTS_DETAIL,WCE,3
LANTIRN,LSD_PARTS_DETAIL,UK_PARTS_DETAIL,DDR,4
LANTIRN,LSD_PARTS_DETAIL,UK_PARTS_DETAIL,RM_SN,5
LANTIRN,LSD_PARTS_DETAIL,UK_PARTS_DETAIL,RM_PN,6
LANTIRN,LSD_PARTS_DETAIL,UK_PARTS_DETAIL,RP_SN,7
LANTIRN,LSD_PARTS_DETAIL,UK_PARTS_DETAIL,RP_PN,8
LANTIRN,LSD_WCE,LSD_WCE_UQ,AF_WING,1
LANTIRN,LSD_WCE,LSD_WCE_UQ,EVENT_ID,2
LANTIRN,LSD_WCE,LSD_WCE_UQ,WCE,3
LANTIRN,LSD_WCE_DETAIL,LSD_WCE_DETAIL_UQ,AF_WING,1
LANTIRN,LSD_WCE_DETAIL,LSD_WCE_DETAIL_UQ,EVENT_ID,2
LANTIRN,LSD_WCE_DETAIL,LSD_WCE_DETAIL_UQ,WCE,3
LANTIRN,TRANSFER_LOG,TRANSFER_LOG_UQ,DATE_TRANSFER,1
LANTIRN,TRANSFER_LOG,TRANSFER_LOG_UQ,NUM_TRANSFERED,2
LANTIRN,TRANSFER_LOG,TRANSFER_LOG_UQ,TABLE_FROM,3
LANTIRN,TRANSFER_LOG,TRANSFER_LOG_UQ,TABLE_TO,4
MMHE,SETTINGS,SETTINGS_U01,SETTING,1
MMHE,SIGN,SYS_C0080543,ETAR_ID,1
MMHE,WORKFLOW_OBJECT_REFERENCE,OBJECT_FRIENDLY_NAME_UNIQUE,FRIENDLY_NAME,1
ORDS_METADATA,OAUTH_PENDING_APPROVALS,OAUTH_PEND_APPRV_UNIQUE1,APPROVAL_ID,1
ORDS_METADATA,OAUTH_PENDING_APPROVALS,OAUTH_PEND_APPRV_UNIQUE1,CLIENT_STATE,2
ORDS_METADATA,ORDS_MODULES,ORDS_UNIQUE_PREFIX_UC,URI_PREFIX,1
ORDS_METADATA,ORDS_MODULES,ORDS_UNIQUE_PREFIX_UC,SCHEMA_ID,2
ORDS_METADATA,ORDS_URL_MAPPINGS,ORDS_URL_MAPPINGS_UNQ_PATTERN,TYPE,1
ORDS_METADATA,ORDS_URL_MAPPINGS,ORDS_URL_MAPPINGS_UNQ_PATTERN,PATTERN,2
ORDS_METADATA,ORDS_WORKSPACE_SCHEMAS,ORDS_WORKSPACE_SCHEMAS_UN,WORKSPACE_ID,1
ORDS_METADATA,SEC_ORIGINS_ALLOWED_MODULES,SEC_ORIGINS_ALLOWED_UN,MODULE_ID,1
ORDS_METADATA,SEC_PRIVILEGE_MAPPINGS,SEC_PRIV_MAP_PATTERN_UNQ,PATTERN,1
ORDS_METADATA,SEC_PRIVILEGE_MAPPINGS,SEC_PRIV_MAP_PATTERN_UNQ,SCHEMA_ID,2
ORDS_METADATA,SEC_PRIVILEGE_MODULES,SEC_PRIV_MODULES_UNQ,PRIVILEGE_ID,1
ORDS_METADATA,SEC_PRIVILEGE_MODULES,SEC_PRIV_MODULES_UNQ,MODULE_ID,2
ORDS_METADATA,SEC_SESSIONS,SEC_SESSIONS__UN,TOKEN,1
OSSE,SETTINGS,SYS_C00169473,SETTING,1
OSSE,SYSTEM,SYSTEM_U01,NAME,1
OWBSYS,OWBRTPS,SYS_C0010979,KEY,1
RAMPODV3,BASE_DET,BASE_DET_UQ,EVENT_ID,1
RAMPODV3,BASE_SOURCE,BASE_SOURCE_UQ,EVENT_ID,1
RAMPODV3,DELTACUM_184,DELTACUM_184_UQ,EVENT_ID,1
RAMPODV3,DELTACUM_184,DELTACUM_184_UQ,METER_TYPE,2
RAMPODV3,D_BASE_DET,D_BASE_DET_UQ,EVENT_ID,1
RAMPODV3,D_CORR_DET,D_CORR_DET_UQ,EVENT_ID,1
RAMPODV3,D_CORR_DET,D_CORR_DET_UQ,CORR_SEQ,2
RAMPODV3,D_CORR_DET,D_CORR_DET_UQ,RM_CORR_SEQ,3
RAMPODV3,D_DISC_DET,D_DISC_DET_UQ,EVENT_ID,1
RAMPODV3,D_DISC_DET,D_DISC_DET_UQ,DISC_SEQ,2
RAMPODV3,D_DISC_DET,D_DISC_DET_UQ,RM_DISC_SEQ,3
RAMPODV3,D_FAIL_TYPE_DET,D_FAIL_TYPE_DET_UQ,EVENT_ID,1
RAMPODV3,D_FAIL_TYPE_DET,D_FAIL_TYPE_DET_UQ,FAIL_SEQ,2
RAMPODV3,D_RMRK_DET,D_RMRK_DET_UQ,EVENT_ID,1
RAMPODV3,D_RMRK_DET,D_RMRK_DET_UQ,RMK_SEQ,2
RAMPODV3,LOOKUP_TWTNOUN,LOOKUP_TWTNOUN_UQ,TEST_SEQ,1
RAMPODV3,MAINTCUM_131II,MAINTCUM_131II_UQ,EVENT_ID,1
RAMPODV3,MAINTCUM_131II,MAINTCUM_131II_UQ,MAINT_RESULT,2
RAMPODV3,MAINTCUM_131II,MAINTCUM_131II_UQ,SORT_ACTION,3
RAMPODV3,MAINTCUM_184,MAINTCUM_184_UQ,EVENT_ID,1
RAMPODV3,MAINTCUM_184,MAINTCUM_184_UQ,MAINT_RESULT,2
RAMPODV3,MAINTCUM_184,MAINTCUM_184_UQ,SORT_ACTION,3
RAMPODV3,PARTS_SE_DICT,UNQ_PSD_MDSPN,EW_MDS,1
RAMPODV3,PARTS_SE_DICT,UNQ_PSD_MDSPN,MOD_RANGE,2
RAMPODV3,PARTS_SE_DICT,UNQ_PSD_MDSPN,PARTNO,3
RAMPODV3,PARTS_SE_DICT,UNQ_PSD_MDSPN,REFDES,4
RAMPODV4,AUDIT_INVENTORY,AUDIT_INV_UNQ1,MDS,1
RAMPODV4,AUDIT_INVENTORY,AUDIT_INV_UNQ1,PARTNO,2
RAMPODV4,AUDIT_INVENTORY,AUDIT_INV_UNQ1,SERNO,3
RAMPODV4,DIS_DOCS_,DIS_DOCS_UQ,DOCUMENT_ID,1
RAMPODV4,DIS_GRANTS_,DIS_GRANTS_UQ,DOCUMENT_ID,1
RAMPODV4,DIS_GRANTS_,DIS_GRANTS_UQ,GRANTEE,2
RAMPODV4,RAMPOD_INV,UQ_RAMPOD_INV,EW_MDS,1
RAMPODV4,RAMPOD_INV,UQ_RAMPOD_INV,EW_PARTNO,2
RAMPODV4,RAMPOD_INV,UQ_RAMPOD_INV,EW_SERNO,3
RAMPODV4,SMRELEASE_S,SMRELEASE_S_UQ,NAMEDOBJECT_ID_SEQUENCEID_,1
RAMPODV4,SMRUN_S,SMRUN_S_UQ,NAMEDOBJECT_ID_SEQUENCEID_,1
RAMPODV4,SMSCHEDULE_S,SMSCHEDULE_S_UQ,NAMEDOBJECT_ID_SEQUENCEID_,1
RAMPODV4,SMSHAREDORACLECLIENT_S,SMSHAREDORACLECLIENT_S_UQ,NAMEDOBJECT_ID_SEQUENCEID_,1
RAMPODV4,SMSHAREDORACLECONFIGURATION_S,SMSHAREDORACLECONFIGURATION_UQ,NAMEDOBJECT_ID_SEQUENCEID_,1
RAMPODV4,SMTABLESPACE_S,SMTABLESPACE_S_UQ,NAMEDOBJECT_ID_SEQUENCEID_,1
RAMPODV4,SMVCENDPOINT_S,SMVCENDPOINT_S_UQ,NAMEDOBJECT_ID_SEQUENCEID_,1
RAMPODV4,SMWEEKLYENTRY_S,SMWEEKLYENTRY_S_UQ,NAMEDOBJECT_ID_SEQUENCEID_,1
RAMPODV4,VBZ$JOB_TABLE_SID,VBZ$JOB_TABLE_SID_UNIQUE,PLAN_ID,1
RAMPODV4,VBZ$JOB_TABLE_SID,VBZ$JOB_TABLE_SID_UNIQUE,TRANS_ID,2
RAMPODV4,VBZ$JOB_TABLE_SID,VBZ$JOB_TABLE_SID_UNIQUE,SCRIPT_ID,3
RAMPOD_LOGIN,TASK_PERSONNEL,UNQ_TASKPERS_NAME,LAST_NAME,1
RAMPOD_LOGIN,TASK_PERSONNEL,UNQ_TASKPERS_NAME,FIRST_NAME,2
RAMPOD_LOGIN,TASK_PERSONNEL,UNQ_TASKPERS_NAME,MIDDLE_NAME,3
RCS,ENT_LOC_CODE,ENT_LOC_CODE_UK1,CODE,1
RCS,EW_METERS,EW_METERS_UK1,EVENT_ID,1
RCS,EW_METERS,EW_METERS_UK1,METER_TYPE_ID,2
RCS,IMDS_PROPERTIES,IMDS_PROPERTIES_UK1,PROPERTY,1
RCS,LOOKUP_METER_TYPE,LOOKUP_METER_TYPE_UK1,METER_TYPE_NAME,1
RCS,MNT_EVNT5,JCNAFWING_UK,JCN,1
RCS,MNT_EVNT5,JCNAFWING_UK,AF_WING,2
RCS,ORG_ELC_ASSOC,ORG_ELC_UK1,ORG_ID,1
RCS,ORG_ELC_ASSOC,ORG_ELC_UK1,ELC_ID,2
RCS,ORG_TYPE,ORG_TYPE_UK1,ORG_TYPE,1
RCS,POD_INV5,POD_INV5_UK1,EW_MDS,1
RCS,POD_INV5,POD_INV5_UK1,EW_SERNO,2
